Date,Transaction_ID,Student_ID,Amount,Method,Type
2023-02-01 08:00:00,TXN_00753,STD_086,1508.5519687345627,Bank Transfer,Tuition Fee
2023-01-22 15:00:00,TXN_00520,STD_070,1264.4249094565234,Credit Card,Tuition Fee
2023-01-09 18:00:00,TXN_00211,STD_263,1495.0309540689304,Bank Transfer,Bus Fee
2023-01-26 11:00:00,TXN_00612,STD_099,1521.2575370459856,Bank Transfer,Bus Fee
2023-02-08 02:00:00,TXN_00915,STD_115,1389.8112634802926,Bank Transfer,Bus Fee
2023-01-23 06:00:00,TXN_00535,STD_058,1533.5871201096993,Bank Transfer,Bus Fee
2023-02-05 01:00:00,TXN_00842,STD_236,1432.0157926009088,Credit Card,Bus Fee
2023-01-09 07:00:00,TXN_00200,STD_252,1769.3816509643282,Bank Transfer,Tuition Fee
2023-01-09 23:00:00,TXN_00216,STD_002,1678.2589910172126,Bank Transfer,Tuition Fee
2023-01-25 12:00:00,TXN_00589,STD_082,1200.9396536142817,Cash,Tuition Fee
2023-01-25 18:00:00,TXN_00595,STD_251,1394.2482216362387,Bank Transfer,Bus Fee
2023-01-18 21:00:00,TXN_00430,STD_035,1507.791882871095,Credit Card,Tuition Fee
2023-01-23 19:00:00,TXN_00548,STD_080,1396.0642203306138,Bank Transfer,Tuition Fee
2023-01-25 21:00:00,TXN_00598,STD_289,1511.4008087118618,Credit Card,Tuition Fee
2023-01-31 20:00:00,TXN_00741,STD_239,1649.4071528708726,Credit Card,Tuition Fee
2023-01-17 21:00:00,TXN_00406,STD_096,1551.9755822596073,Credit Card,Tuition Fee
2023-02-11 01:00:00,TXN_00986,STD_148,1888.4345463027921,Bank Transfer,Tuition Fee
2023-01-15 19:00:00,TXN_00356,STD_229,1563.6248919602874,Cash,Tuition Fee
2023-01-28 18:00:00,TXN_00667,STD_138,1729.6126248515545,Bank Transfer,Tuition Fee
2023-02-04 07:00:00,TXN_00824,STD_259,1235.8786782028837,Bank Transfer,Tuition Fee
2023-02-01 09:00:00,TXN_00754,STD_126,1540.2888418294885,Credit Card,Tuition Fee
2023-01-06 19:00:00,TXN_00140,STD_128,1430.6587066942436,Bank Transfer,Bus Fee
2023-01-11 16:00:00,TXN_00257,STD_230,1661.0447624789658,Credit Card,Bus Fee
2023-06-11 00:00:00,TXN_99013,STD_939,60000.0,Crypto,Donation
2023-02-08 16:00:00,TXN_00929,STD_218,1565.4839706236503,Credit Card,Tuition Fee
2023-02-03 15:00:00,TXN_00808,STD_173,1408.5325643520928,Credit Card,Bus Fee
2023-01-11 09:00:00,TXN_00250,STD_128,1736.6179919645213,Bank Transfer,Bus Fee
2023-01-09 21:00:00,TXN_00214,STD_112,1533.5681927458347,Bank Transfer,Tuition Fee
2023-01-14 00:00:00,TXN_00313,STD_013,1432.1540521126385,Cash,Tuition Fee
2023-01-21 01:00:00,TXN_00482,STD_151,1502.33685713722,Bank Transfer,Tuition Fee
2023-02-09 13:00:00,TXN_00950,STD_110,1488.3244204480798,Bank Transfer,Tuition Fee
2023-01-06 16:00:00,TXN_00137,STD_108,1640.7425708963997,Bank Transfer,Tuition Fee
2023-01-03 11:00:00,TXN_00060,STD_215,1611.4896141034073,Credit Card,Bus Fee
2023-01-15 23:00:00,TXN_00360,STD_129,1821.3405537917795,Bank Transfer,Tuition Fee
2023-01-12 16:00:00,TXN_00281,STD_280,1776.9955494071498,Bank Transfer,Bus Fee
2023-01-25 23:00:00,TXN_00600,STD_146,1361.898961038095,Bank Transfer,Tuition Fee
2023-02-10 01:00:00,TXN_00962,STD_025,1662.0072098571973,Credit Card,Tuition Fee
2023-01-13 21:00:00,TXN_00310,STD_170,1402.1064031046415,Credit Card,Tuition Fee
2023-01-08 06:00:00,TXN_00175,STD_225,1647.6483597714875,Credit Card,Bus Fee
2023-01-19 00:00:00,TXN_00433,STD_264,1511.7952785474135,Bank Transfer,Tuition Fee
2023-01-27 12:00:00,TXN_00637,STD_162,1399.7864319535427,Credit Card,Bus Fee
2023-02-07 03:00:00,TXN_00892,STD_097,1555.1048260224268,Bank Transfer,Tuition Fee
2023-01-18 20:00:00,TXN_00429,STD_242,1609.144431545547,Cash,Tuition Fee
2023-01-25 17:00:00,TXN_00594,STD_242,1562.8528514049067,Bank Transfer,Bus Fee
2023-01-13 02:00:00,TXN_00291,STD_128,1487.6773232411147,Bank Transfer,Bus Fee
2023-01-03 22:00:00,TXN_00071,STD_188,1654.3733455988465,Credit Card,Bus Fee
2023-02-11 10:00:00,TXN_00995,STD_211,1349.018615208054,Bank Transfer,Tuition Fee
2023-01-05 00:00:00,TXN_00097,STD_172,1413.6543260643339,Credit Card,Bus Fee
2023-01-01 10:00:00,TXN_00011,STD_100,1288.8732457923268,Bank Transfer,Bus Fee
2023-01-13 08:00:00,TXN_00297,STD_174,1596.4084139801316,Bank Transfer,Library Fine
2023-02-05 13:00:00,TXN_00854,STD_213,1594.6217526832165,Credit Card,Bus Fee
2023-01-25 04:00:00,TXN_00581,STD_145,1402.608368240099,Bank Transfer,Tuition Fee
2023-01-12 22:00:00,TXN_00287,STD_191,1463.8145913215506,Cash,Bus Fee
2023-01-05 05:00:00,TXN_00102,STD_131,1394.5235362311169,Bank Transfer,Tuition Fee
2023-01-21 17:00:00,TXN_00498,STD_239,1843.6413858886112,Bank Transfer,Tuition Fee
2023-01-31 12:00:00,TXN_00733,STD_216,1297.9310565705455,Bank Transfer,Tuition Fee
2023-01-20 12:00:00,TXN_00469,STD_100,1742.0566903587971,Bank Transfer,Tuition Fee
2023-01-30 09:00:00,TXN_00706,STD_078,1367.279592895965,Credit Card,Bus Fee
2023-01-02 06:00:00,TXN_00031,STD_055,1588.9651886952577,Credit Card,Bus Fee
2023-01-16 05:00:00,TXN_00366,STD_096,1346.581115220239,Bank Transfer,Bus Fee
2023-02-06 20:00:00,TXN_00885,STD_015,1614.9120417577035,Credit Card,Tuition Fee
2023-01-04 04:00:00,TXN_00077,STD_129,1223.8688653002532,Bank Transfer,Tuition Fee
2023-01-17 10:00:00,TXN_00395,STD_222,1581.540023189165,Credit Card,Tuition Fee
2023-01-03 06:00:00,TXN_00055,STD_044,1445.4581681679217,Bank Transfer,Tuition Fee
2023-01-01 23:00:00,TXN_00024,STD_059,1443.7768788675603,Bank Transfer,Tuition Fee
2023-02-07 07:00:00,TXN_00896,STD_086,1459.3314598436148,Bank Transfer,Tuition Fee
2023-01-19 12:00:00,TXN_00445,STD_192,1406.4346558956292,Bank Transfer,Tuition Fee
2023-01-11 14:00:00,TXN_00255,STD_158,1433.0349578174207,Bank Transfer,Library Fine
2023-01-18 22:00:00,TXN_00431,STD_215,1609.896011582337,Bank Transfer,Bus Fee
2023-04-02 00:00:00,TXN_99006,STD_916,-10000.0,Bank Transfer,Refund
2023-01-23 20:00:00,TXN_00549,STD_213,1392.2389101646204,Credit Card,Library Fine
2023-01-28 09:00:00,TXN_00658,STD_249,1579.4539131535096,Cash,Library Fine
2023-01-07 14:00:00,TXN_00159,STD_180,1844.8347185428875,Bank Transfer,Tuition Fee
2023-02-06 10:00:00,TXN_00875,STD_145,1324.5124746434567,Credit Card,Tuition Fee
2023-01-28 01:00:00,TXN_00650,STD_075,1583.6715459527793,Credit Card,Tuition Fee
2023-02-03 18:00:00,TXN_00811,STD_275,1382.265253037664,Bank Transfer,Tuition Fee
2023-01-23 07:00:00,TXN_00536,STD_148,1704.6210644960765,Bank Transfer,Tuition Fee
2023-01-29 08:00:00,TXN_00681,STD_151,1642.4331203161985,Bank Transfer,Bus Fee
2023-01-29 17:00:00,TXN_00690,STD_093,1613.873274045397,Bank Transfer,Tuition Fee
2023-01-23 01:00:00,TXN_00530,STD_173,1547.9672901213805,Bank Transfer,Tuition Fee
2023-01-22 14:00:00,TXN_00519,STD_292,1637.747490900347,Bank Transfer,Bus Fee
2023-01-18 00:00:00,TXN_00409,STD_016,1511.5232836590383,Bank Transfer,Tuition Fee
2023-01-02 15:00:00,TXN_00040,STD_242,1288.730805545466,Credit Card,Tuition Fee
2023-01-13 19:00:00,TXN_00308,STD_176,1397.842251378768,Bank Transfer,Tuition Fee
2023-01-28 22:00:00,TXN_00671,STD_034,1522.3001185803168,Bank Transfer,Bus Fee
2023-02-08 07:00:00,TXN_00920,STD_283,1509.2519774771959,Cash,Library Fine
2023-01-20 23:00:00,TXN_00480,STD_025,1518.8364680207314,Credit Card,Bus Fee
2023-01-03 18:00:00,TXN_00067,STD_053,1529.3767882646523,Credit Card,Tuition Fee
2023-01-23 02:00:00,TXN_00531,STD_141,1261.0509399702496,Bank Transfer,Bus Fee
2023-01-03 19:00:00,TXN_00068,STD_280,1353.2440833577452,Bank Transfer,Tuition Fee
2023-01-30 19:00:00,TXN_00716,STD_107,1773.9014570320405,Bank Transfer,Tuition Fee
2023-01-10 19:00:00,TXN_00236,STD_227,1377.4596493519145,Bank Transfer,Tuition Fee
2023-01-23 08:00:00,TXN_00537,STD_001,1518.783675397186,Bank Transfer,Tuition Fee
2023-01-05 11:00:00,TXN_00108,STD_207,1415.6299836158598,Bank Transfer,Tuition Fee
2023-02-08 14:00:00,TXN_00927,STD_200,1339.179148202159,Bank Transfer,Tuition Fee
2023-01-23 03:00:00,TXN_00532,STD_242,1566.0712106940598,Bank Transfer,Tuition Fee
2023-01-27 09:00:00,TXN_00634,STD_039,1456.4588183717024,Credit Card,Tuition Fee
2023-01-23 14:00:00,TXN_00543,STD_044,1394.7012468289868,Bank Transfer,Bus Fee
2023-01-24 02:00:00,TXN_00555,STD_147,1374.6979420110365,Bank Transfer,Tuition Fee
2023-02-03 06:00:00,TXN_00799,STD_075,1468.646511407096,Bank Transfer,Tuition Fee
2023-01-11 04:00:00,TXN_00245,STD_068,1596.8226271711612,Bank Transfer,Bus Fee
2023-01-28 12:00:00,TXN_00661,STD_247,1509.671162221518,Bank Transfer,Tuition Fee
2023-02-06 19:00:00,TXN_00884,STD_042,1545.26878497292,Bank Transfer,Tuition Fee
2023-01-25 13:00:00,TXN_00590,STD_256,1556.108485477136,Bank Transfer,Bus Fee
2023-01-04 16:00:00,TXN_00089,STD_201,1353.6190120534002,Credit Card,Tuition Fee
2023-01-03 15:00:00,TXN_00064,STD_213,1552.1372558042506,Credit Card,Tuition Fee
2023-02-06 22:00:00,TXN_00887,STD_157,1484.976888528007,Bank Transfer,Tuition Fee
2023-01-15 06:00:00,TXN_00343,STD_262,1634.2789830041597,Bank Transfer,Tuition Fee
2023-01-12 11:00:00,TXN_00276,STD_046,1415.3882053894908,Bank Transfer,Tuition Fee
2023-01-30 10:00:00,TXN_00707,STD_218,1474.0580910114866,Bank Transfer,Tuition Fee
2023-02-05 17:00:00,TXN_00858,STD_062,1587.3146555202923,Credit Card,Tuition Fee
2023-01-26 17:00:00,TXN_00618,STD_053,1477.1295245429185,Cash,Tuition Fee
2023-01-09 17:00:00,TXN_00210,STD_099,1390.360494008712,Bank Transfer,Tuition Fee
2023-01-05 13:00:00,TXN_00110,STD_042,1645.8831674440094,Bank Transfer,Tuition Fee
2023-01-12 13:00:00,TXN_00278,STD_099,1630.8685992420217,Credit Card,Tuition Fee
2023-01-08 16:00:00,TXN_00185,STD_184,1404.3390023623026,Credit Card,Tuition Fee
2023-02-07 17:00:00,TXN_00906,STD_015,1420.6420983980559,Bank Transfer,Tuition Fee
2023-01-21 02:00:00,TXN_00483,STD_144,1335.5587369657196,Credit Card,Bus Fee
2023-01-13 18:00:00,TXN_00307,STD_246,1519.2156622366183,Bank Transfer,Bus Fee
2023-01-29 16:00:00,TXN_00689,STD_155,1581.2194092307182,Cash,Bus Fee
2023-02-10 14:00:00,TXN_00975,STD_198,1809.3787378864718,Bank Transfer,Tuition Fee
2023-02-04 09:00:00,TXN_00826,STD_178,1689.3876155140774,Credit Card,Bus Fee
2023-02-06 15:00:00,TXN_00880,STD_198,1431.4355615120592,Credit Card,Tuition Fee
2023-02-02 17:00:00,TXN_00786,STD_004,1503.1907365104094,Bank Transfer,Tuition Fee
2023-04-22 00:00:00,TXN_99008,STD_982,50000.0,Cash,Donation
2023-02-01 00:00:00,TXN_99000,STD_977,25000.0,Cash,Tuition Fee
2023-02-04 20:00:00,TXN_00837,STD_265,1616.7541614249956,Bank Transfer,Bus Fee
2023-01-04 14:00:00,TXN_00087,STD_028,1361.5150130833645,Credit Card,Tuition Fee
2023-01-29 01:00:00,TXN_00674,STD_205,1454.6295470267808,Bank Transfer,Tuition Fee
2023-01-14 09:00:00,TXN_00322,STD_215,1326.2452966211185,Bank Transfer,Tuition Fee
2023-01-12 17:00:00,TXN_00282,STD_181,1339.4872850510772,Credit Card,Tuition Fee
2023-01-24 05:00:00,TXN_00558,STD_233,1546.473106534054,Credit Card,Bus Fee
2023-01-15 14:00:00,TXN_00351,STD_145,1760.3945704747875,Cash,Tuition Fee
2023-02-01 12:00:00,TXN_00757,STD_013,1580.744411857445,Bank Transfer,Bus Fee
2023-01-17 14:00:00,TXN_00399,STD_246,1672.3148550558155,Bank Transfer,Tuition Fee
2023-01-13 17:00:00,TXN_00306,STD_299,1285.3837346822927,Bank Transfer,Tuition Fee
2023-01-27 07:00:00,TXN_00632,STD_095,1485.1665520213287,Bank Transfer,Bus Fee
2023-01-20 06:00:00,TXN_00463,STD_062,1545.395319785855,Credit Card,Tuition Fee
2023-02-01 20:00:00,TXN_00765,STD_111,1466.8119564621343,Credit Card,Tuition Fee
2023-01-21 10:00:00,TXN_00491,STD_122,1746.3022740204553,Cash,Tuition Fee
2023-02-04 01:00:00,TXN_00818,STD_001,1444.075027186235,Credit Card,Bus Fee
2023-02-05 21:00:00,TXN_00862,STD_042,1663.312292955628,Bank Transfer,Tuition Fee
2023-01-23 05:00:00,TXN_00534,STD_126,1582.8734931625722,Credit Card,Tuition Fee
2023-05-12 00:00:00,TXN_99010,STD_961,18000.0,Crypto,Tuition Fee
2023-01-25 20:00:00,TXN_00597,STD_119,1583.7490368782583,Credit Card,Tuition Fee
2023-01-03 07:00:00,TXN_00056,STD_162,1491.45815644184,Bank Transfer,Bus Fee
2023-01-06 00:00:00,TXN_00121,STD_171,1583.968567189656,Bank Transfer,Tuition Fee
2023-02-07 12:00:00,TXN_00901,STD_294,1610.526584563865,Bank Transfer,Bus Fee
2023-01-02 01:00:00,TXN_00026,STD_188,1566.639496722906,Credit Card,Tuition Fee
2023-01-04 00:00:00,TXN_00073,STD_157,1538.4044601470814,Credit Card,Tuition Fee
2023-01-02 20:00:00,TXN_00045,STD_035,1187.7105888174417,Credit Card,Library Fine
2023-01-11 19:00:00,TXN_00260,STD_283,1394.981877759124,Bank Transfer,Library Fine
2023-01-09 16:00:00,TXN_00209,STD_298,1293.102115797821,Credit Card,Tuition Fee
2023-01-13 06:00:00,TXN_00295,STD_054,1585.4650920348306,Credit Card,Tuition Fee
2023-02-11 09:00:00,TXN_00994,STD_215,1697.6396303411939,Credit Card,Tuition Fee
2023-01-30 17:00:00,TXN_00714,STD_239,1655.9857031094116,Bank Transfer,Tuition Fee
2023-01-13 10:00:00,TXN_00299,STD_114,1529.4781754552205,Bank Transfer,Bus Fee
2023-02-02 18:00:00,TXN_00787,STD_095,1546.3249518898447,Credit Card,Tuition Fee
2023-01-19 13:00:00,TXN_00446,STD_227,1787.104703080018,Bank Transfer,Tuition Fee
2023-01-14 22:00:00,TXN_00335,STD_101,1414.3231515325806,Credit Card,Tuition Fee
2023-01-28 05:00:00,TXN_00654,STD_226,1454.2162943468,Credit Card,Bus Fee
2023-01-08 00:00:00,TXN_00169,STD_113,1349.3788849871898,Bank Transfer,Tuition Fee
2023-01-11 07:00:00,TXN_00248,STD_135,1532.872549149591,Bank Transfer,Library Fine
2023-02-05 04:00:00,TXN_00845,STD_035,1513.261032943777,Bank Transfer,Bus Fee
2023-02-09 18:00:00,TXN_00955,STD_137,1436.0463605691684,Credit Card,Tuition Fee
2023-02-02 09:00:00,TXN_00778,STD_226,1676.0210786227988,Credit Card,Tuition Fee
2023-01-14 19:00:00,TXN_00332,STD_170,1457.8349560671068,Credit Card,Tuition Fee
2023-01-13 22:00:00,TXN_00311,STD_247,1433.072485017783,Bank Transfer,Tuition Fee
2023-01-03 12:00:00,TXN_00061,STD_252,1525.6298157191914,Bank Transfer,Tuition Fee
2023-01-22 09:00:00,TXN_00514,STD_165,1485.2490559807875,Credit Card,Tuition Fee
2023-01-26 04:00:00,TXN_00605,STD_282,1389.670508611535,Bank Transfer,Tuition Fee
2023-01-26 05:00:00,TXN_00606,STD_063,1685.4139762815655,Bank Transfer,Tuition Fee
2023-02-05 09:00:00,TXN_00850,STD_229,1220.019507439041,Bank Transfer,Tuition Fee
2023-01-21 05:00:00,TXN_00486,STD_109,1372.9557977522509,Bank Transfer,Tuition Fee
2023-01-18 15:00:00,TXN_00424,STD_044,1535.818373853977,Credit Card,Tuition Fee
2023-01-26 02:00:00,TXN_00603,STD_177,1483.3160907976949,Bank Transfer,Bus Fee
2023-01-09 06:00:00,TXN_00199,STD_148,1732.1257801995093,Credit Card,Tuition Fee
2023-01-15 08:00:00,TXN_00345,STD_144,1657.4329072979003,Credit Card,Bus Fee
2023-02-07 05:00:00,TXN_00894,STD_254,1379.5231573979484,Cash,Tuition Fee
2023-02-04 16:00:00,TXN_00833,STD_130,1809.2255364954597,Bank Transfer,Bus Fee
2023-01-27 14:00:00,TXN_00639,STD_259,1473.7560364956887,Cash,Tuition Fee
2023-01-14 21:00:00,TXN_00334,STD_054,1596.1264291900516,Credit Card,Tuition Fee
2023-01-19 21:00:00,TXN_00454,STD_224,1491.3571804449623,Bank Transfer,Tuition Fee
2023-01-14 15:00:00,TXN_00328,STD_125,1193.7397697363563,Credit Card,Bus Fee
2023-01-05 14:00:00,TXN_00111,STD_179,1593.2714943325796,Bank Transfer,Tuition Fee
2023-02-04 12:00:00,TXN_00829,STD_138,1415.3628602013916,Credit Card,Tuition Fee
2023-02-09 23:00:00,TXN_00960,STD_063,1399.7783871691508,Bank Transfer,Tuition Fee
2023-01-15 16:00:00,TXN_00353,STD_275,1402.2872994578327,Credit Card,Tuition Fee
2023-01-12 01:00:00,TXN_00266,STD_284,1490.1374608390518,Bank Transfer,Tuition Fee
2023-02-07 23:00:00,TXN_00912,STD_173,1494.6537776553776,Cash,Library Fine
2023-02-01 02:00:00,TXN_00747,STD_119,1699.2291212773587,Bank Transfer,Bus Fee
2023-01-18 12:00:00,TXN_00421,STD_065,1557.290317834733,Credit Card,Bus Fee
2023-02-03 19:00:00,TXN_00812,STD_212,1597.242065076579,Credit Card,Tuition Fee
2023-01-27 10:00:00,TXN_00635,STD_154,1540.1088471107855,Cash,Tuition Fee
2023-01-25 11:00:00,TXN_00588,STD_253,1625.0293442413388,Credit Card,Tuition Fee
2023-01-28 14:00:00,TXN_00663,STD_051,1359.0996909271869,Bank Transfer,Tuition Fee
2023-02-05 11:00:00,TXN_00852,STD_286,1481.7378737425074,Credit Card,Tuition Fee
2023-01-06 17:00:00,TXN_00138,STD_044,1422.593290767394,Bank Transfer,Tuition Fee
2023-01-16 10:00:00,TXN_00371,STD_237,1427.5220306550939,Credit Card,Tuition Fee
2023-01-16 21:00:00,TXN_00382,STD_185,1632.548990623001,Cash,Tuition Fee
2023-02-02 12:00:00,TXN_00781,STD_150,1559.9531927628962,Credit Card,Tuition Fee
2023-02-01 16:00:00,TXN_00761,STD_067,1343.278620896845,Bank Transfer,Tuition Fee
2023-01-29 10:00:00,TXN_00683,STD_095,1116.911829764707,Bank Transfer,Tuition Fee
2023-02-05 07:00:00,TXN_00848,STD_060,1470.9510811080422,Credit Card,Tuition Fee
2023-01-14 20:00:00,TXN_00333,STD_271,1769.6529790274285,Bank Transfer,Tuition Fee
2023-01-30 11:00:00,TXN_00708,STD_073,1756.7562720213514,Bank Transfer,Tuition Fee
2023-01-10 02:00:00,TXN_00219,STD_037,1426.5840836222667,Bank Transfer,Tuition Fee
2023-01-18 17:00:00,TXN_00426,STD_012,1470.5475226372532,Bank Transfer,Library Fine
2023-01-19 16:00:00,TXN_00449,STD_036,1630.5101596033132,Bank Transfer,Tuition Fee
2023-01-31 02:00:00,TXN_00723,STD_113,1695.2611934098197,Credit Card,Tuition Fee
2023-01-16 02:00:00,TXN_00363,STD_001,1505.7005217252301,Bank Transfer,Tuition Fee
2023-01-04 06:00:00,TXN_00079,STD_063,1406.277213345648,Bank Transfer,Tuition Fee
2023-01-02 05:00:00,TXN_00030,STD_051,1592.3903410416397,Credit Card,Bus Fee
2023-02-09 07:00:00,TXN_00944,STD_296,1743.701768770434,Cash,Tuition Fee
2023-02-09 15:00:00,TXN_00952,STD_001,1978.966135176729,Bank Transfer,Tuition Fee
2023-01-10 21:00:00,TXN_00238,STD_099,1440.999178150896,Bank Transfer,Bus Fee
2023-01-28 04:00:00,TXN_00653,STD_252,1340.2329505386942,Credit Card,Tuition Fee
2023-01-16 11:00:00,TXN_00372,STD_272,1736.098014493505,Credit Card,Tuition Fee
2023-01-07 21:00:00,TXN_00166,STD_113,1457.7323086709239,Credit Card,Tuition Fee
2023-02-03 22:00:00,TXN_00815,STD_113,1366.876173329685,Bank Transfer,Tuition Fee
2023-01-08 10:00:00,TXN_00179,STD_172,1331.5916967656551,Credit Card,Bus Fee
2023-01-20 22:00:00,TXN_00479,STD_099,1477.491661945121,Bank Transfer,Tuition Fee
2023-01-03 17:00:00,TXN_00066,STD_237,1383.254291189653,Cash,Tuition Fee
2023-01-06 21:00:00,TXN_00142,STD_190,1453.624181479704,Bank Transfer,Tuition Fee
2023-01-11 20:00:00,TXN_00261,STD_027,1679.2569943387264,Cash,Tuition Fee
2023-02-06 00:00:00,TXN_00865,STD_295,1426.6725867320588,Bank Transfer,Tuition Fee
2023-01-30 12:00:00,TXN_00709,STD_282,1294.2148285602966,Bank Transfer,Tuition Fee
2023-01-22 22:00:00,TXN_00527,STD_019,1515.806325921894,Credit Card,Tuition Fee
2023-02-10 03:00:00,TXN_00964,STD_075,1692.152454260267,Bank Transfer,Tuition Fee
2023-01-11 21:00:00,TXN_00262,STD_226,1271.5219642824338,Bank Transfer,Tuition Fee
2023-01-20 21:00:00,TXN_00478,STD_069,1706.356021996743,Cash,Tuition Fee
2023-01-14 11:00:00,TXN_00324,STD_153,1631.6043435863508,Cash,Bus Fee
2023-01-10 05:00:00,TXN_00222,STD_233,1777.006098860405,Credit Card,Tuition Fee
2023-02-04 13:00:00,TXN_00830,STD_172,1527.6826954795556,Bank Transfer,Tuition Fee
2023-01-14 06:00:00,TXN_00319,STD_143,1354.953578530618,Bank Transfer,Tuition Fee
2023-01-13 04:00:00,TXN_00293,STD_281,1551.4088019566557,Bank Transfer,Tuition Fee
2023-02-09 12:00:00,TXN_00949,STD_101,1632.4664665720738,Cash,Tuition Fee
2023-01-03 01:00:00,TXN_00050,STD_054,1559.8704171528107,Credit Card,Bus Fee
2023-01-31 17:00:00,TXN_00738,STD_003,1580.4979128790928,Credit Card,Bus Fee
2023-01-01 02:00:00,TXN_00003,STD_107,1461.7534173868717,Bank Transfer,Tuition Fee
2023-01-24 00:00:00,TXN_00553,STD_164,1398.9764063634198,Bank Transfer,Tuition Fee
2023-01-16 17:00:00,TXN_00378,STD_076,1431.167360569659,Bank Transfer,Tuition Fee
2023-02-08 04:00:00,TXN_00917,STD_292,1530.0853795846415,Credit Card,Bus Fee
2023-01-23 16:00:00,TXN_00545,STD_160,1289.609209230046,Bank Transfer,Bus Fee
2023-02-02 20:00:00,TXN_00789,STD_137,1536.1129769232853,Credit Card,Tuition Fee
2023-05-02 00:00:00,TXN_99009,STD_953,-50.0,Bank Transfer,Refund
2023-01-21 19:00:00,TXN_00500,STD_009,1253.1901879564662,Bank Transfer,Tuition Fee
2023-01-25 09:00:00,TXN_00586,STD_046,1266.615653069456,Cash,Tuition Fee
2023-01-02 09:00:00,TXN_00034,STD_135,1312.3329635422047,Bank Transfer,Tuition Fee
2023-01-02 07:00:00,TXN_00032,STD_244,1453.5680341029015,Bank Transfer,Tuition Fee
2023-01-10 15:00:00,TXN_00232,STD_075,1597.3064831384463,Credit Card,Tuition Fee
2023-02-01 14:00:00,TXN_00759,STD_025,1445.2570905685673,Cash,Tuition Fee
2023-01-09 00:00:00,TXN_00193,STD_144,1375.1466640343656,Credit Card,Bus Fee
2023-01-15 10:00:00,TXN_00347,STD_124,1697.6091098451489,Bank Transfer,Tuition Fee
2023-01-01 03:00:00,TXN_00004,STD_072,1725.5989482874033,Bank Transfer,Tuition Fee
2023-01-09 12:00:00,TXN_00205,STD_039,1598.7816409009247,Credit Card,Bus Fee
2023-01-28 21:00:00,TXN_00670,STD_069,1723.6089205274927,Bank Transfer,Bus Fee
2023-01-25 07:00:00,TXN_00584,STD_220,1384.5040153412037,Bank Transfer,Library Fine
2023-01-14 07:00:00,TXN_00320,STD_092,1492.843296578703,Bank Transfer,Tuition Fee
2023-01-04 05:00:00,TXN_00078,STD_136,1308.0634549896447,Bank Transfer,Bus Fee
2023-01-04 12:00:00,TXN_00085,STD_231,1408.2723295512078,Credit Card,Tuition Fee
2023-01-13 11:00:00,TXN_00300,STD_288,1606.3505636382768,Bank Transfer,Bus Fee
2023-01-04 10:00:00,TXN_00083,STD_289,1528.0150146715619,Credit Card,Tuition Fee
2023-01-16 01:00:00,TXN_00362,STD_122,1565.448550451105,Credit Card,Tuition Fee
2023-01-16 20:00:00,TXN_00381,STD_086,1474.105905008877,Bank Transfer,Library Fine
2023-02-04 17:00:00,TXN_00834,STD_084,1681.2549345889713,Bank Transfer,Bus Fee
2023-01-22 23:00:00,TXN_00528,STD_039,1299.8961757622694,Bank Transfer,Tuition Fee
2023-02-02 15:00:00,TXN_00784,STD_070,1587.954602813264,Credit Card,Tuition Fee
2023-01-29 15:00:00,TXN_00688,STD_195,1229.702934362997,Credit Card,Tuition Fee
2023-01-13 01:00:00,TXN_00290,STD_256,1716.564690610989,Bank Transfer,Tuition Fee
2023-01-01 05:00:00,TXN_00006,STD_021,1663.7260277883693,Credit Card,Tuition Fee
2023-02-10 11:00:00,TXN_00972,STD_152,1439.4527305137005,Bank Transfer,Bus Fee
2023-01-21 03:00:00,TXN_00484,STD_057,1283.9923676108558,Credit Card,Tuition Fee
2023-01-05 01:00:00,TXN_00098,STD_214,1518.3014721968043,Bank Transfer,Tuition Fee
2023-01-19 19:00:00,TXN_00452,STD_151,1554.7441503699338,Bank Transfer,Tuition Fee
2023-01-29 06:00:00,TXN_00679,STD_111,1565.5407254619524,Credit Card,Tuition Fee
2023-02-06 16:00:00,TXN_00881,STD_134,1409.668190945733,Credit Card,Bus Fee
2023-01-12 02:00:00,TXN_00267,STD_147,1416.7200709960202,Bank Transfer,Bus Fee
2023-01-19 04:00:00,TXN_00437,STD_105,1649.7015164789477,Bank Transfer,Tuition Fee
2023-01-19 07:00:00,TXN_00440,STD_075,1479.061555776724,Credit Card,Bus Fee
2023-01-14 02:00:00,TXN_00315,STD_173,1262.4145764771415,Credit Card,Tuition Fee
2023-02-04 11:00:00,TXN_00828,STD_261,1883.7298928502378,Bank Transfer,Bus Fee
2023-02-09 00:00:00,TXN_00937,STD_293,1472.565533834274,Credit Card,Tuition Fee
2023-01-05 22:00:00,TXN_00119,STD_237,1557.0296776508944,Bank Transfer,Tuition Fee
2023-01-16 22:00:00,TXN_00383,STD_285,1597.848431762013,Credit Card,Tuition Fee
2023-01-11 10:00:00,TXN_00251,STD_033,1485.7056701419572,Credit Card,Tuition Fee
2023-01-19 17:00:00,TXN_00450,STD_096,1574.3522831958908,Bank Transfer,Tuition Fee
2023-01-19 15:00:00,TXN_00448,STD_099,1532.6149309769585,Credit Card,Tuition Fee
2023-01-01 09:00:00,TXN_00010,STD_088,1444.2838701006312,Bank Transfer,Tuition Fee
2023-01-09 04:00:00,TXN_00197,STD_187,1530.4384531276949,Credit Card,Tuition Fee
2023-01-26 13:00:00,TXN_00614,STD_197,1558.9976759091558,Bank Transfer,Bus Fee
2023-01-04 09:00:00,TXN_00082,STD_163,1391.1384280269801,Bank Transfer,Tuition Fee
2023-02-07 01:00:00,TXN_00890,STD_157,1375.967946894021,Cash,Bus Fee
2023-01-21 14:00:00,TXN_00495,STD_221,1647.2648230487391,Credit Card,Tuition Fee
2023-01-27 05:00:00,TXN_00630,STD_288,1625.7736161677462,Bank Transfer,Tuition Fee
2023-01-10 23:00:00,TXN_00240,STD_194,1691.7677793910948,Credit Card,Tuition Fee
2023-02-10 10:00:00,TXN_00971,STD_182,1449.783700184019,Bank Transfer,Tuition Fee
2023-01-09 19:00:00,TXN_00212,STD_252,1769.1836795276681,Bank Transfer,Tuition Fee
2023-01-31 08:00:00,TXN_00729,STD_214,1802.0080871289933,Bank Transfer,Tuition Fee
2023-02-04 08:00:00,TXN_00825,STD_161,1271.1515528144857,Credit Card,Tuition Fee
2023-03-13 00:00:00,TXN_99004,STD_930,-2500.0,Crypto,Tuition Fee
2023-01-10 11:00:00,TXN_00228,STD_054,1576.0911046660947,Bank Transfer,Bus Fee
2023-02-06 04:00:00,TXN_00869,STD_179,1548.4751571277172,Credit Card,Bus Fee
2023-01-25 08:00:00,TXN_00585,STD_240,1535.0678867686122,Bank Transfer,Tuition Fee
2023-02-03 16:00:00,TXN_00809,STD_133,1479.8974249990624,Credit Card,Bus Fee
2023-01-08 09:00:00,TXN_00178,STD_053,1601.2229238249906,Cash,Bus Fee
2023-01-20 11:00:00,TXN_00468,STD_177,1563.2881131352926,Bank Transfer,Tuition Fee
2023-01-22 03:00:00,TXN_00508,STD_170,1542.1787135954064,Bank Transfer,Tuition Fee
2023-01-21 06:00:00,TXN_00487,STD_181,1351.291147581554,Credit Card,Tuition Fee
2023-01-14 16:00:00,TXN_00329,STD_150,1462.9233926219104,Bank Transfer,Library Fine
2023-02-01 07:00:00,TXN_00752,STD_231,1639.1760192121856,Bank Transfer,Bus Fee
2023-01-01 07:00:00,TXN_00008,STD_122,1188.9914651387776,Bank Transfer,Tuition Fee
2023-01-07 11:00:00,TXN_00156,STD_160,1659.8220562598026,Bank Transfer,Tuition Fee
2023-01-23 21:00:00,TXN_00550,STD_203,1634.2386565416662,Bank Transfer,Tuition Fee
2023-01-23 23:00:00,TXN_00552,STD_229,1687.16131090106,Credit Card,Tuition Fee
2023-01-21 20:00:00,TXN_00501,STD_074,1653.385564801446,Bank Transfer,Tuition Fee
2023-02-11 05:00:00,TXN_00990,STD_049,1447.0250560783968,Credit Card,Tuition Fee
2023-02-02 21:00:00,TXN_00790,STD_247,1890.2524671270592,Bank Transfer,Tuition Fee
2023-01-25 06:00:00,TXN_00583,STD_212,1505.112520238884,Credit Card,Tuition Fee
2023-02-08 08:00:00,TXN_00921,STD_069,1564.322475049586,Bank Transfer,Tuition Fee
2023-02-03 21:00:00,TXN_00814,STD_020,1562.9298665860542,Bank Transfer,Tuition Fee
2023-02-09 11:00:00,TXN_00948,STD_257,1265.5213786955014,Credit Card,Tuition Fee
2023-01-24 23:00:00,TXN_00576,STD_028,1744.2594934692806,Bank Transfer,Tuition Fee
2023-01-19 01:00:00,TXN_00434,STD_093,1200.2698973201839,Credit Card,Bus Fee
2023-01-23 10:00:00,TXN_00539,STD_191,1518.3446254548426,Bank Transfer,Bus Fee
2023-01-25 15:00:00,TXN_00592,STD_010,1318.553847196319,Bank Transfer,Tuition Fee
2023-01-30 22:00:00,TXN_00719,STD_026,1823.5962319898256,Bank Transfer,Tuition Fee
2023-01-20 09:00:00,TXN_00466,STD_187,1549.3143615455222,Credit Card,Bus Fee
2023-02-02 06:00:00,TXN_00775,STD_006,1573.6462427457377,Credit Card,Bus Fee
2023-01-10 12:00:00,TXN_00229,STD_120,1660.001203438373,Bank Transfer,Bus Fee
2023-01-19 10:00:00,TXN_00443,STD_249,1591.9160857593854,Credit Card,Library Fine
2023-01-31 19:00:00,TXN_00740,STD_238,1607.84299659976,Bank Transfer,Tuition Fee
2023-01-09 20:00:00,TXN_00213,STD_144,1422.3583051445744,Bank Transfer,Bus Fee
2023-01-04 07:00:00,TXN_00080,STD_139,1503.9136575316252,Bank Transfer,Tuition Fee
2023-01-07 04:00:00,TXN_00149,STD_198,1717.0466826530599,Bank Transfer,Tuition Fee
2023-01-13 14:00:00,TXN_00303,STD_155,1398.5411546911096,Bank Transfer,Tuition Fee
2023-01-24 15:00:00,TXN_00568,STD_156,1294.5295530631383,Bank Transfer,Tuition Fee
2023-02-11 04:00:00,TXN_00989,STD_189,1529.1576452366005,Credit Card,Bus Fee
2023-02-06 21:00:00,TXN_00886,STD_111,1684.039983582646,Bank Transfer,Library Fine
2023-01-28 07:00:00,TXN_00656,STD_098,1471.9543045521832,Cash,Library Fine
2023-02-02 10:00:00,TXN_00779,STD_229,1527.153233805556,Credit Card,Tuition Fee
2023-01-15 15:00:00,TXN_00352,STD_120,1529.6866175193973,Bank Transfer,Bus Fee
2023-01-06 13:00:00,TXN_00134,STD_134,1602.2251046058936,Bank Transfer,Tuition Fee
2023-01-24 06:00:00,TXN_00559,STD_014,1595.0665321398149,Bank Transfer,Bus Fee
2023-01-13 23:00:00,TXN_00312,STD_026,1216.5688903581704,Bank Transfer,Tuition Fee
2023-01-26 16:00:00,TXN_00617,STD_023,1520.0311357173423,Bank Transfer,Tuition Fee
2023-02-11 00:00:00,TXN_99001,STD_978,-8000.0,Bank Transfer,Refund
2023-02-03 08:00:00,TXN_00801,STD_134,1412.9214825292916,Bank Transfer,Tuition Fee
2023-01-01 00:00:00,TXN_00001,STD_103,1393.0731325984254,Bank Transfer,Bus Fee
2023-01-14 04:00:00,TXN_00317,STD_264,1617.8700237976248,Credit Card,Tuition Fee
2023-01-30 21:00:00,TXN_00718,STD_061,1426.8132887781446,Bank Transfer,Tuition Fee
2023-02-03 14:00:00,TXN_00807,STD_026,1679.4947229968477,Credit Card,Tuition Fee
2023-01-15 21:00:00,TXN_00358,STD_279,1413.944999409213,Bank Transfer,Tuition Fee
2023-02-04 06:00:00,TXN_00823,STD_139,1287.2451400600453,Bank Transfer,Library Fine
2023-01-21 15:00:00,TXN_00496,STD_235,1451.2752924737067,Credit Card,Tuition Fee
2023-01-17 04:00:00,TXN_00389,STD_204,1574.1045279424109,Credit Card,Tuition Fee
2023-01-08 04:00:00,TXN_00173,STD_054,1732.5750739221116,Credit Card,Tuition Fee
2023-01-06 05:00:00,TXN_00126,STD_187,1250.8558599726014,Credit Card,Tuition Fee
2023-01-18 03:00:00,TXN_00412,STD_258,1425.9365125258032,Bank Transfer,Tuition Fee
2023-02-02 16:00:00,TXN_00785,STD_112,1685.7424607150454,Bank Transfer,Tuition Fee
2023-02-10 16:00:00,TXN_00977,STD_177,1503.6329185009138,Credit Card,Bus Fee
2023-02-08 03:00:00,TXN_00916,STD_243,1378.4621344478428,Credit Card,Tuition Fee
2023-01-04 18:00:00,TXN_00091,STD_033,1357.5901666752086,Bank Transfer,Tuition Fee
2023-02-09 16:00:00,TXN_00953,STD_055,1544.812936254853,Bank Transfer,Tuition Fee
2023-01-08 13:00:00,TXN_00182,STD_198,1573.8676896012223,Bank Transfer,Tuition Fee
2023-01-16 03:00:00,TXN_00364,STD_239,1518.0046990077392,Credit Card,Tuition Fee
2023-01-12 10:00:00,TXN_00275,STD_158,1536.5701070656798,Credit Card,Bus Fee
2023-02-07 19:00:00,TXN_00908,STD_136,1311.8565865246126,Cash,Tuition Fee
2023-01-03 21:00:00,TXN_00070,STD_252,1244.612459364324,Bank Transfer,Tuition Fee
2023-01-13 03:00:00,TXN_00292,STD_018,1667.5943747382191,Bank Transfer,Bus Fee
2023-01-06 11:00:00,TXN_00132,STD_045,1657.9729279999356,Bank Transfer,Bus Fee
2023-01-13 12:00:00,TXN_00301,STD_151,1486.539645856916,Bank Transfer,Tuition Fee
2023-01-22 18:00:00,TXN_00523,STD_182,1352.6268909692535,Credit Card,Tuition Fee
2023-01-14 14:00:00,TXN_00327,STD_190,1531.2574211921328,Bank Transfer,Bus Fee
2023-01-07 00:00:00,TXN_00145,STD_121,1688.3634188360281,Bank Transfer,Tuition Fee
2023-01-19 08:00:00,TXN_00441,STD_217,1666.2274225106275,Bank Transfer,Tuition Fee
2023-01-25 14:00:00,TXN_00591,STD_197,1684.1503488709939,Cash,Bus Fee
2023-01-28 02:00:00,TXN_00651,STD_103,1501.552892976507,Cash,Tuition Fee
2023-01-06 15:00:00,TXN_00136,STD_028,1504.4634209243618,Bank Transfer,Bus Fee
2023-01-18 16:00:00,TXN_00425,STD_285,1461.1436781268944,Bank Transfer,Bus Fee
2023-01-07 20:00:00,TXN_00165,STD_101,1436.9719774356215,Bank Transfer,Bus Fee
2023-01-02 04:00:00,TXN_00029,STD_175,1337.8405008600155,Bank Transfer,Tuition Fee
2023-01-24 18:00:00,TXN_00571,STD_164,1379.4488148045405,Credit Card,Tuition Fee
2023-01-09 01:00:00,TXN_00194,STD_097,1570.7123334579605,Bank Transfer,Tuition Fee
2023-01-17 20:00:00,TXN_00405,STD_147,1429.8448198032163,Credit Card,Tuition Fee
2023-02-06 18:00:00,TXN_00883,STD_179,1350.2421841217563,Bank Transfer,Tuition Fee
2023-01-08 01:00:00,TXN_00170,STD_002,1384.8303652343807,Bank Transfer,Tuition Fee
2023-01-22 02:00:00,TXN_00507,STD_168,1613.8392884680147,Credit Card,Tuition Fee
2023-01-06 20:00:00,TXN_00141,STD_231,1434.8255658851526,Bank Transfer,Bus Fee
2023-01-08 05:00:00,TXN_00174,STD_224,1350.2468938891814,Credit Card,Tuition Fee
2023-01-01 06:00:00,TXN_00007,STD_103,1686.9127788746443,Bank Transfer,Tuition Fee
2023-01-30 01:00:00,TXN_00698,STD_170,1586.8937249401633,Bank Transfer,Tuition Fee
2023-01-22 12:00:00,TXN_00517,STD_217,1526.9841226730218,Credit Card,Tuition Fee
2023-01-04 01:00:00,TXN_00074,STD_015,1647.4036475918272,Bank Transfer,Tuition Fee
2023-01-29 21:00:00,TXN_00694,STD_051,1558.770600810382,Credit Card,Tuition Fee
2023-01-23 04:00:00,TXN_00533,STD_220,1497.0543301609978,Bank Transfer,Bus Fee
2023-01-10 22:00:00,TXN_00239,STD_153,1504.3117234402225,Bank Transfer,Tuition Fee
2023-01-07 01:00:00,TXN_00146,STD_116,1365.8089046670743,Bank Transfer,Tuition Fee
2023-02-03 11:00:00,TXN_00804,STD_062,1559.2007294734472,Credit Card,Bus Fee
2023-01-10 18:00:00,TXN_00235,STD_254,1680.9763449762536,Credit Card,Tuition Fee
2023-01-10 04:00:00,TXN_00221,STD_009,1602.2837234439467,Bank Transfer,Tuition Fee
2023-01-21 13:00:00,TXN_00494,STD_215,1837.8653708016463,Bank Transfer,Bus Fee
2023-01-28 20:00:00,TXN_00669,STD_273,1467.983569360469,Bank Transfer,Tuition Fee
2023-01-06 12:00:00,TXN_00133,STD_062,1494.0667269215016,Bank Transfer,Tuition Fee
2023-03-23 00:00:00,TXN_99005,STD_998,30000.0,Cash,Tuition Fee
2023-02-09 01:00:00,TXN_00938,STD_127,1706.2314628722277,Credit Card,Tuition Fee
2023-01-28 17:00:00,TXN_00666,STD_285,1589.9893094994306,Bank Transfer,Tuition Fee
2023-01-08 17:00:00,TXN_00186,STD_123,1420.3504567497273,Credit Card,Tuition Fee
2023-01-02 17:00:00,TXN_00042,STD_053,1590.9014927018459,Credit Card,Bus Fee
2023-01-26 20:00:00,TXN_00621,STD_083,1382.1015809238077,Bank Transfer,Tuition Fee
2023-01-05 12:00:00,TXN_00109,STD_015,1594.861160858328,Bank Transfer,Tuition Fee
2023-01-25 22:00:00,TXN_00599,STD_065,1580.8133988669554,Bank Transfer,Tuition Fee
2023-01-03 08:00:00,TXN_00057,STD_202,1546.1702653338089,Credit Card,Tuition Fee
2023-01-18 14:00:00,TXN_00423,STD_043,1654.5425181047763,Bank Transfer,Tuition Fee
2023-01-28 08:00:00,TXN_00657,STD_286,1508.497488734566,Bank Transfer,Tuition Fee
2023-02-07 18:00:00,TXN_00907,STD_157,1619.139701943274,Credit Card,Bus Fee
2023-02-06 08:00:00,TXN_00873,STD_143,1577.0400159854576,Bank Transfer,Tuition Fee
2023-01-02 00:00:00,TXN_00025,STD_170,1606.6439952305236,Bank Transfer,Tuition Fee
2023-01-23 15:00:00,TXN_00544,STD_173,1400.5648623673578,Bank Transfer,Tuition Fee
2023-02-07 16:00:00,TXN_00905,STD_184,1265.6181214670187,Bank Transfer,Bus Fee
2023-01-23 11:00:00,TXN_00540,STD_117,1581.4947043554582,Bank Transfer,Tuition Fee
2023-01-27 04:00:00,TXN_00629,STD_260,1499.089363269016,Bank Transfer,Bus Fee
2023-01-30 08:00:00,TXN_00705,STD_034,1433.5076623212735,Bank Transfer,Tuition Fee
2023-02-09 03:00:00,TXN_00940,STD_092,1380.121199002462,Bank Transfer,Tuition Fee
2023-01-15 02:00:00,TXN_00339,STD_108,1508.944555488026,Bank Transfer,Tuition Fee
2023-01-03 03:00:00,TXN_00052,STD_260,1665.4952823024782,Bank Transfer,Tuition Fee
2023-01-16 23:00:00,TXN_00384,STD_220,1263.5411764523626,Credit Card,Bus Fee
2023-01-22 19:00:00,TXN_00524,STD_167,1466.3050275004464,Bank Transfer,Tuition Fee
2023-02-08 21:00:00,TXN_00934,STD_104,1808.6243204567547,Credit Card,Tuition Fee
2023-02-05 08:00:00,TXN_00849,STD_267,1392.4766519095792,Bank Transfer,Tuition Fee
2023-01-12 00:00:00,TXN_00265,STD_097,1734.828604385151,Bank Transfer,Tuition Fee
2023-01-23 17:00:00,TXN_00546,STD_173,1762.436511478041,Bank Transfer,Tuition Fee
2023-01-31 01:00:00,TXN_00722,STD_008,1544.8938870609738,Bank Transfer,Tuition Fee
2023-01-29 20:00:00,TXN_00693,STD_122,1418.0633327621276,Bank Transfer,Tuition Fee
2023-01-17 11:00:00,TXN_00396,STD_023,1444.407850187084,Credit Card,Tuition Fee
2023-01-22 21:00:00,TXN_00526,STD_202,1354.7483317704548,Bank Transfer,Tuition Fee
2023-01-20 08:00:00,TXN_00465,STD_217,1490.379248011051,Bank Transfer,Tuition Fee
2023-01-01 18:00:00,TXN_00019,STD_161,1421.321960058034,Credit Card,Bus Fee
2023-02-07 20:00:00,TXN_00909,STD_261,1544.0336898249943,Credit Card,Bus Fee
2023-01-21 21:00:00,TXN_00502,STD_253,1865.962860950891,Bank Transfer,Library Fine
2023-01-25 00:00:00,TXN_00577,STD_220,1443.130838851877,Bank Transfer,Tuition Fee
2023-01-19 18:00:00,TXN_00451,STD_152,1522.5628357715364,Bank Transfer,Tuition Fee
2023-01-16 07:00:00,TXN_00368,STD_118,1249.7123889183615,Credit Card,Bus Fee
2023-01-04 11:00:00,TXN_00084,STD_261,1386.6925601470016,Bank Transfer,Tuition Fee
2023-01-03 13:00:00,TXN_00062,STD_190,1472.4024995470982,Credit Card,Tuition Fee
2023-02-09 02:00:00,TXN_00939,STD_106,1403.1053731313198,Bank Transfer,Tuition Fee
2023-01-12 08:00:00,TXN_00273,STD_172,1346.815077430393,Bank Transfer,Bus Fee
2023-01-12 21:00:00,TXN_00286,STD_116,1536.5009173984038,Bank Transfer,Tuition Fee
2023-01-16 00:00:00,TXN_00361,STD_058,1759.1314755151068,Credit Card,Bus Fee
2023-01-15 18:00:00,TXN_00355,STD_058,1451.947903770852,Bank Transfer,Library Fine
2023-01-22 10:00:00,TXN_00515,STD_136,1351.7113339273624,Bank Transfer,Tuition Fee
2023-01-12 14:00:00,TXN_00279,STD_233,1597.5301766937991,Bank Transfer,Tuition Fee
2023-01-01 12:00:00,TXN_00013,STD_131,1333.4136231801258,Credit Card,Tuition Fee
2023-01-08 14:00:00,TXN_00183,STD_247,1543.3752965861727,Bank Transfer,Tuition Fee
2023-01-16 08:00:00,TXN_00369,STD_048,1559.883468390792,Bank Transfer,Tuition Fee
2023-02-07 15:00:00,TXN_00904,STD_216,1577.3908826556149,Bank Transfer,Tuition Fee
2023-01-27 01:00:00,TXN_00626,STD_051,1177.0664110571277,Bank Transfer,Bus Fee
2023-01-10 07:00:00,TXN_00224,STD_147,1446.1061863819411,Credit Card,Tuition Fee
2023-01-25 05:00:00,TXN_00582,STD_201,1316.4089599856616,Bank Transfer,Tuition Fee
2023-01-31 23:00:00,TXN_00744,STD_227,1725.200047793323,Credit Card,Tuition Fee
2023-02-10 06:00:00,TXN_00967,STD_017,1572.7099225941713,Bank Transfer,Tuition Fee
2023-02-04 21:00:00,TXN_00838,STD_038,1417.32214255072,Cash,Bus Fee
2023-02-06 13:00:00,TXN_00878,STD_104,1765.8377395004616,Bank Transfer,Bus Fee
2023-01-26 18:00:00,TXN_00619,STD_165,1606.2163015032886,Bank Transfer,Tuition Fee
2023-01-08 08:00:00,TXN_00177,STD_130,1492.580443552135,Credit Card,Bus Fee
2023-01-29 03:00:00,TXN_00676,STD_235,1525.5624333563233,Bank Transfer,Tuition Fee
2023-02-01 05:00:00,TXN_00750,STD_039,1824.7503517351627,Bank Transfer,Bus Fee
2023-01-25 19:00:00,TXN_00596,STD_005,1491.6346383513442,Bank Transfer,Tuition Fee
2023-01-20 00:00:00,TXN_00457,STD_183,1665.8288899436975,Bank Transfer,Tuition Fee
2023-01-23 00:00:00,TXN_00529,STD_126,1409.794853407318,Bank Transfer,Tuition Fee
2023-01-17 09:00:00,TXN_00394,STD_254,1675.9093528889048,Credit Card,Bus Fee
2023-01-07 19:00:00,TXN_00164,STD_113,1421.5709959270098,Credit Card,Tuition Fee
2023-01-11 08:00:00,TXN_00249,STD_195,1537.4075525566134,Bank Transfer,Bus Fee
2023-01-27 20:00:00,TXN_00645,STD_112,1662.8843348747366,Bank Transfer,Tuition Fee
2023-02-09 06:00:00,TXN_00943,STD_029,1518.4005473992192,Bank Transfer,Bus Fee
2023-01-29 07:00:00,TXN_00680,STD_249,1678.596941217951,Bank Transfer,Tuition Fee
2023-01-16 15:00:00,TXN_00376,STD_278,1657.0647453918232,Bank Transfer,Tuition Fee
2023-01-18 04:00:00,TXN_00413,STD_160,1266.5127152010373,Credit Card,Tuition Fee
2023-01-04 02:00:00,TXN_00075,STD_065,1749.8211666693865,Bank Transfer,Tuition Fee
2023-01-05 17:00:00,TXN_00114,STD_241,1462.8722046672742,Credit Card,Tuition Fee
2023-01-25 02:00:00,TXN_00579,STD_228,1412.7478629077034,Bank Transfer,Tuition Fee
2023-01-24 16:00:00,TXN_00569,STD_008,1486.7576927473117,Credit Card,Tuition Fee
2023-01-17 06:00:00,TXN_00391,STD_039,1417.454226923187,Credit Card,Tuition Fee
2023-01-05 08:00:00,TXN_00105,STD_218,1405.9549413318348,Credit Card,Tuition Fee
2023-01-05 18:00:00,TXN_00115,STD_052,1488.834985634993,Credit Card,Tuition Fee
2023-01-18 09:00:00,TXN_00418,STD_179,1447.6113443522356,Bank Transfer,Bus Fee
2023-02-11 06:00:00,TXN_00991,STD_257,1550.7725765192536,Bank Transfer,Tuition Fee
2023-01-20 01:00:00,TXN_00458,STD_013,1678.054545834057,Bank Transfer,Tuition Fee
2023-01-18 01:00:00,TXN_00410,STD_280,1307.5511663717145,Bank Transfer,Tuition Fee
2023-01-04 20:00:00,TXN_00093,STD_062,1573.9976851321335,Credit Card,Tuition Fee
2023-01-24 20:00:00,TXN_00573,STD_136,1751.6551221114662,Credit Card,Tuition Fee
2023-01-04 17:00:00,TXN_00090,STD_268,1658.046269491176,Bank Transfer,Library Fine
2023-01-15 00:00:00,TXN_00337,STD_053,1709.9033154879003,Bank Transfer,Tuition Fee
2023-03-03 00:00:00,TXN_99003,STD_996,45000.0,Cash,Donation
2023-02-08 22:00:00,TXN_00935,STD_171,1503.1190561513113,Bank Transfer,Tuition Fee
2023-02-09 10:00:00,TXN_00947,STD_267,1456.2283096626684,Bank Transfer,Tuition Fee
2023-01-26 15:00:00,TXN_00616,STD_259,1453.6325303696249,Bank Transfer,Tuition Fee
2023-01-26 03:00:00,TXN_00604,STD_267,1364.4138537802814,Credit Card,Bus Fee
2023-01-26 21:00:00,TXN_00622,STD_145,1300.3150569663333,Credit Card,Tuition Fee
2023-01-04 22:00:00,TXN_00095,STD_293,1371.246332972818,Bank Transfer,Tuition Fee
2023-01-01 11:00:00,TXN_00012,STD_152,1383.3274968613687,Credit Card,Tuition Fee
2023-01-17 12:00:00,TXN_00397,STD_250,1615.7548065972517,Bank Transfer,Bus Fee
2023-01-23 13:00:00,TXN_00542,STD_058,1506.0887536805824,Bank Transfer,Tuition Fee
2023-01-02 19:00:00,TXN_00044,STD_264,1763.2191272976547,Credit Card,Bus Fee
2023-01-02 18:00:00,TXN_00043,STD_092,1307.9355971255575,Bank Transfer,Tuition Fee
2023-01-14 17:00:00,TXN_00330,STD_058,1397.7023628003303,Credit Card,Tuition Fee
2023-01-07 23:00:00,TXN_00168,STD_187,1362.2022080273703,Bank Transfer,Tuition Fee
2023-01-18 08:00:00,TXN_00417,STD_033,1447.7021798388212,Bank Transfer,Tuition Fee
2023-02-07 00:00:00,TXN_00889,STD_231,1368.3026119865158,Bank Transfer,Library Fine
2023-02-08 23:00:00,TXN_00936,STD_133,1390.7995588156298,Bank Transfer,Bus Fee
2023-02-01 23:00:00,TXN_00768,STD_034,1622.3605818808944,Credit Card,Tuition Fee
2023-01-05 04:00:00,TXN_00101,STD_101,1672.3909989428514,Bank Transfer,Bus Fee
2023-01-18 18:00:00,TXN_00427,STD_095,1489.2598110878905,Bank Transfer,Bus Fee
2023-02-07 06:00:00,TXN_00895,STD_196,1723.9032853439282,Bank Transfer,Tuition Fee
2023-02-10 15:00:00,TXN_00976,STD_161,1339.870062861859,Bank Transfer,Bus Fee
2023-01-29 22:00:00,TXN_00695,STD_277,1278.1632646838807,Credit Card,Tuition Fee
2023-01-26 22:00:00,TXN_00623,STD_085,1224.5691940345055,Bank Transfer,Tuition Fee
2023-01-11 17:00:00,TXN_00258,STD_051,1346.022705088341,Credit Card,Bus Fee
2023-01-14 23:00:00,TXN_00336,STD_264,1585.8874172034239,Bank Transfer,Bus Fee
2023-01-01 15:00:00,TXN_00016,STD_294,1690.7332642491237,Credit Card,Tuition Fee
2023-02-04 19:00:00,TXN_00836,STD_273,1588.8790423801775,Credit Card,Tuition Fee
2023-01-14 12:00:00,TXN_00325,STD_186,1466.8553739255503,Credit Card,Tuition Fee
2023-02-11 08:00:00,TXN_00993,STD_141,1525.2691464404422,Bank Transfer,Tuition Fee
2023-01-10 06:00:00,TXN_00223,STD_099,1587.5892277988946,Credit Card,Tuition Fee
2023-01-08 11:00:00,TXN_00180,STD_218,1557.3614619276077,Bank Transfer,Tuition Fee
2023-02-11 14:00:00,TXN_00999,STD_286,1181.7217651487108,Credit Card,Tuition Fee
2023-01-22 17:00:00,TXN_00522,STD_275,1641.1156781982324,Bank Transfer,Tuition Fee
2023-01-01 22:00:00,TXN_00023,STD_049,1463.9511902762797,Credit Card,Tuition Fee
2023-01-15 20:00:00,TXN_00357,STD_117,1578.425323205325,Bank Transfer,Bus Fee
2023-02-10 09:00:00,TXN_00970,STD_179,1654.494122637174,Bank Transfer,Tuition Fee
2023-02-06 09:00:00,TXN_00874,STD_153,1420.0948740507133,Bank Transfer,Tuition Fee
2023-01-15 04:00:00,TXN_00341,STD_103,1604.7334970420384,Bank Transfer,Tuition Fee
2023-01-18 23:00:00,TXN_00432,STD_090,1487.8925129837125,Credit Card,Tuition Fee
2023-01-24 07:00:00,TXN_00560,STD_143,1562.0698646177248,Bank Transfer,Tuition Fee
2023-02-05 05:00:00,TXN_00846,STD_001,1721.6295121582893,Bank Transfer,Tuition Fee
2023-01-09 11:00:00,TXN_00204,STD_128,1550.1685184980538,Credit Card,Tuition Fee
2023-01-30 15:00:00,TXN_00712,STD_121,1468.60144842722,Bank Transfer,Bus Fee
2023-01-04 21:00:00,TXN_00094,STD_216,1527.725418554231,Bank Transfer,Tuition Fee
2023-02-10 02:00:00,TXN_00963,STD_090,1432.9017156511873,Credit Card,Tuition Fee
2023-01-03 20:00:00,TXN_00069,STD_217,1561.2379133571708,Credit Card,Tuition Fee
2023-02-03 00:00:00,TXN_00793,STD_040,1613.0012431656799,Bank Transfer,Bus Fee
2023-01-12 20:00:00,TXN_00285,STD_188,1493.1620975466753,Cash,Bus Fee
2023-02-04 00:00:00,TXN_00817,STD_047,1608.3572036741657,Credit Card,Tuition Fee
2023-01-19 02:00:00,TXN_00435,STD_090,1637.4491512053721,Bank Transfer,Tuition Fee
2023-01-07 09:00:00,TXN_00154,STD_172,1633.4446193435156,Bank Transfer,Library Fine
2023-01-04 03:00:00,TXN_00076,STD_009,1652.1555097527196,Bank Transfer,Tuition Fee
2023-01-31 21:00:00,TXN_00742,STD_274,1386.4807367145809,Credit Card,Tuition Fee
2023-01-19 14:00:00,TXN_00447,STD_177,1471.397639885498,Bank Transfer,Tuition Fee
2023-01-08 20:00:00,TXN_00189,STD_280,1404.3919309040223,Bank Transfer,Bus Fee
2023-01-12 07:00:00,TXN_00272,STD_017,1424.6918663471083,Bank Transfer,Tuition Fee
2023-01-10 20:00:00,TXN_00237,STD_112,1555.3009963309353,Bank Transfer,Tuition Fee
2023-01-21 07:00:00,TXN_00488,STD_042,1176.9914829594427,Credit Card,Tuition Fee
2023-01-05 21:00:00,TXN_00118,STD_231,1299.698346193485,Credit Card,Tuition Fee
2023-02-04 14:00:00,TXN_00831,STD_013,1731.3164928851813,Credit Card,Tuition Fee
2023-01-22 08:00:00,TXN_00513,STD_029,1246.056477870692,Bank Transfer,Tuition Fee
2023-02-08 18:00:00,TXN_00931,STD_104,1145.5601346687242,Bank Transfer,Bus Fee
2023-01-26 01:00:00,TXN_00602,STD_239,1287.942825464253,Credit Card,Bus Fee
2023-01-06 06:00:00,TXN_00127,STD_243,1564.4427328698878,Cash,Bus Fee
2023-01-05 20:00:00,TXN_00117,STD_222,1526.655150139988,Credit Card,Bus Fee
2023-01-20 17:00:00,TXN_00474,STD_206,1315.8588277294511,Credit Card,Tuition Fee
2023-01-30 07:00:00,TXN_00704,STD_046,1360.0098061390206,Bank Transfer,Tuition Fee
2023-01-03 09:00:00,TXN_00058,STD_270,1243.4747411015062,Credit Card,Bus Fee
2023-01-29 12:00:00,TXN_00685,STD_184,1294.9681952376868,Bank Transfer,Bus Fee
2023-02-08 12:00:00,TXN_00925,STD_038,1375.861466902692,Bank Transfer,Tuition Fee
2023-01-16 09:00:00,TXN_00370,STD_089,1597.079390955411,Bank Transfer,Tuition Fee
2023-01-12 04:00:00,TXN_00269,STD_035,1282.7979149375633,Bank Transfer,Tuition Fee
2023-01-02 22:00:00,TXN_00047,STD_081,1531.6526200803928,Bank Transfer,Tuition Fee
2023-01-15 13:00:00,TXN_00350,STD_147,1396.621827286565,Credit Card,Bus Fee
2023-01-09 03:00:00,TXN_00196,STD_124,1594.9397726633267,Bank Transfer,Tuition Fee
2023-06-21 00:00:00,TXN_99014,STD_912,-3000.0,Bank Transfer,Tuition Fee
2023-02-05 06:00:00,TXN_00847,STD_296,1328.7466328799742,Bank Transfer,Tuition Fee
2023-02-10 18:00:00,TXN_00979,STD_063,1488.0537913131427,Credit Card,Tuition Fee
2023-01-11 23:00:00,TXN_00264,STD_286,1556.581781259678,Bank Transfer,Tuition Fee
2023-01-19 11:00:00,TXN_00444,STD_164,1341.9876655239516,Credit Card,Tuition Fee
2023-01-29 13:00:00,TXN_00686,STD_281,1466.2851897160974,Bank Transfer,Tuition Fee
2023-01-13 16:00:00,TXN_00305,STD_104,1493.9763074033485,Bank Transfer,Tuition Fee
2023-01-15 05:00:00,TXN_00342,STD_196,1559.0228078132625,Bank Transfer,Tuition Fee
2023-01-27 19:00:00,TXN_00644,STD_251,1498.6321505033695,Cash,Tuition Fee
2023-02-10 21:00:00,TXN_00982,STD_156,1564.2460645811473,Credit Card,Tuition Fee
2023-01-07 05:00:00,TXN_00150,STD_137,1529.4832164767363,Bank Transfer,Tuition Fee
2023-01-06 04:00:00,TXN_00125,STD_160,1489.475143281203,Bank Transfer,Bus Fee
2023-02-06 23:00:00,TXN_00888,STD_289,1469.448937473455,Bank Transfer,Library Fine
2023-02-04 18:00:00,TXN_00835,STD_101,1653.6093788717194,Credit Card,Tuition Fee
2023-01-03 02:00:00,TXN_00051,STD_106,1494.3547946362728,Bank Transfer,Tuition Fee
2023-01-15 17:00:00,TXN_00354,STD_092,1427.4171248918517,Credit Card,Bus Fee
2023-02-09 04:00:00,TXN_00941,STD_287,1427.588471672695,Bank Transfer,Bus Fee
2023-01-06 22:00:00,TXN_00143,STD_225,1533.320065745057,Credit Card,Tuition Fee
2023-01-20 14:00:00,TXN_00471,STD_076,1463.3765047064028,Credit Card,Bus Fee
2023-01-17 15:00:00,TXN_00400,STD_100,1239.0429331832852,Bank Transfer,Tuition Fee
2023-01-27 11:00:00,TXN_00636,STD_250,1548.254670929402,Credit Card,Bus Fee
2023-01-14 08:00:00,TXN_00321,STD_288,1499.4596191364146,Bank Transfer,Bus Fee
2023-01-01 19:00:00,TXN_00020,STD_022,1573.4061841841876,Bank Transfer,Tuition Fee
2023-02-08 10:00:00,TXN_00923,STD_011,1526.4662332915839,Credit Card,Tuition Fee
2023-02-03 09:00:00,TXN_00802,STD_118,1588.2867606630914,Credit Card,Tuition Fee
2023-02-04 04:00:00,TXN_00821,STD_038,1533.7027088627829,Credit Card,Tuition Fee
2023-01-17 23:00:00,TXN_00408,STD_004,1571.5561240834681,Cash,Tuition Fee
2023-01-23 09:00:00,TXN_00538,STD_190,1435.589168831212,Bank Transfer,Tuition Fee
2023-01-27 06:00:00,TXN_00631,STD_034,1512.2744037821346,Bank Transfer,Tuition Fee
2023-01-02 14:00:00,TXN_00039,STD_014,1394.348446418586,Credit Card,Tuition Fee
2023-01-08 07:00:00,TXN_00176,STD_126,1467.9016733661736,Bank Transfer,Tuition Fee
2023-01-11 05:00:00,TXN_00246,STD_289,1824.488208495819,Bank Transfer,Tuition Fee
2023-02-09 17:00:00,TXN_00954,STD_149,1387.2313424857223,Credit Card,Tuition Fee
2023-01-29 05:00:00,TXN_00678,STD_240,1500.4569030230123,Credit Card,Tuition Fee
2023-02-01 21:00:00,TXN_00766,STD_228,1458.4780050166619,Cash,Library Fine
2023-02-06 06:00:00,TXN_00871,STD_023,1430.0945247197637,Bank Transfer,Tuition Fee
2023-01-07 10:00:00,TXN_00155,STD_152,1512.3425983913137,Bank Transfer,Tuition Fee
2023-01-12 23:00:00,TXN_00288,STD_253,1552.8083094771446,Bank Transfer,Tuition Fee
2023-02-01 18:00:00,TXN_00763,STD_109,1808.4310694910482,Bank Transfer,Tuition Fee
2023-01-24 17:00:00,TXN_00570,STD_122,1886.9564006481478,Cash,Tuition Fee
2023-02-01 10:00:00,TXN_00755,STD_025,1729.2702639618797,Bank Transfer,Bus Fee
2023-01-01 17:00:00,TXN_00018,STD_277,1330.6422343174156,Cash,Tuition Fee
2023-01-06 07:00:00,TXN_00128,STD_086,1531.1531530744667,Credit Card,Bus Fee
2023-01-14 10:00:00,TXN_00323,STD_051,1725.5097452650725,Bank Transfer,Tuition Fee
2023-01-11 15:00:00,TXN_00256,STD_038,1529.113498934746,Bank Transfer,Tuition Fee
2023-01-28 19:00:00,TXN_00668,STD_184,1682.8142777545975,Credit Card,Tuition Fee
2023-02-10 19:00:00,TXN_00980,STD_150,1567.8557694374601,Bank Transfer,Bus Fee
2023-01-08 22:00:00,TXN_00191,STD_198,1713.0756371984783,Bank Transfer,Tuition Fee
2023-01-05 19:00:00,TXN_00116,STD_096,1593.1008146326017,Bank Transfer,Tuition Fee
2023-01-27 02:00:00,TXN_00627,STD_173,1558.2867906796446,Bank Transfer,Tuition Fee
2023-01-26 06:00:00,TXN_00607,STD_217,1663.6965180891402,Credit Card,Tuition Fee
2023-01-08 12:00:00,TXN_00181,STD_160,1524.9678312319584,Credit Card,Tuition Fee
2023-01-13 13:00:00,TXN_00302,STD_127,1716.0175823174209,Bank Transfer,Tuition Fee
2023-02-02 02:00:00,TXN_00771,STD_236,1474.9317429320383,Bank Transfer,Tuition Fee
2023-01-31 03:00:00,TXN_00724,STD_253,1734.226679509028,Credit Card,Tuition Fee
2023-01-31 14:00:00,TXN_00735,STD_014,1680.0620861916639,Bank Transfer,Library Fine
2023-01-29 23:00:00,TXN_00696,STD_005,1527.5039879668734,Cash,Tuition Fee
2023-02-02 22:00:00,TXN_00791,STD_243,1584.8264468447317,Cash,Tuition Fee
2023-01-22 13:00:00,TXN_00518,STD_132,1708.8003429516898,Bank Transfer,Tuition Fee
2023-02-11 15:00:00,TXN_01000,STD_144,1408.8267019358352,Credit Card,Tuition Fee
2023-01-02 21:00:00,TXN_00046,STD_206,1754.4684552435058,Bank Transfer,Tuition Fee
2023-02-08 09:00:00,TXN_00922,STD_148,1603.9658410894717,Credit Card,Bus Fee
2023-01-07 13:00:00,TXN_00158,STD_233,1711.402116027837,Bank Transfer,Tuition Fee
2023-02-01 11:00:00,TXN_00756,STD_145,1576.1753634434435,Bank Transfer,Tuition Fee
2023-01-08 03:00:00,TXN_00172,STD_220,1535.132209880478,Bank Transfer,Bus Fee
2023-01-01 16:00:00,TXN_00017,STD_192,1608.2508096064853,Bank Transfer,Tuition Fee
2023-01-22 07:00:00,TXN_00512,STD_005,1457.898738469984,Credit Card,Bus Fee
2023-01-03 00:00:00,TXN_00049,STD_002,1418.2621369786575,Bank Transfer,Bus Fee
2023-02-11 02:00:00,TXN_00987,STD_118,1586.9449759820363,Bank Transfer,Tuition Fee
2023-02-05 12:00:00,TXN_00853,STD_291,1727.0174614863197,Credit Card,Tuition Fee
2023-01-22 11:00:00,TXN_00516,STD_145,1334.4616024176344,Credit Card,Tuition Fee
2023-01-30 00:00:00,TXN_00697,STD_092,1497.7035226240507,Bank Transfer,Tuition Fee
2023-01-21 00:00:00,TXN_00481,STD_053,1474.0392263574195,Bank Transfer,Bus Fee
2023-01-12 19:00:00,TXN_00284,STD_099,1396.2137895178134,Credit Card,Library Fine
2023-02-01 01:00:00,TXN_00746,STD_192,1462.375047531743,Credit Card,Tuition Fee
2023-01-28 16:00:00,TXN_00665,STD_133,1318.5457885738338,Credit Card,Tuition Fee
2023-01-10 09:00:00,TXN_00226,STD_131,1666.3055370874363,Bank Transfer,Tuition Fee
2023-01-02 02:00:00,TXN_00027,STD_271,1445.855075127138,Bank Transfer,Tuition Fee
2023-02-03 01:00:00,TXN_00794,STD_229,1557.1737577324166,Credit Card,Bus Fee
2023-01-19 05:00:00,TXN_00438,STD_196,1065.5616932709465,Credit Card,Tuition Fee
2023-02-10 04:00:00,TXN_00965,STD_294,1510.1783265791105,Credit Card,Tuition Fee
2023-01-16 04:00:00,TXN_00365,STD_290,1592.0276959095625,Bank Transfer,Library Fine
2023-01-10 13:00:00,TXN_00230,STD_161,1675.3943385668508,Credit Card,Tuition Fee
2023-01-02 13:00:00,TXN_00038,STD_089,1657.3513838755334,Credit Card,Tuition Fee
2023-02-10 20:00:00,TXN_00981,STD_154,1340.640970777968,Cash,Tuition Fee
2023-01-16 14:00:00,TXN_00375,STD_069,1533.6677727839958,Bank Transfer,Tuition Fee
2023-01-20 13:00:00,TXN_00470,STD_233,1568.030145227097,Bank Transfer,Bus Fee
2023-02-10 22:00:00,TXN_00983,STD_049,1471.9283602493176,Credit Card,Tuition Fee
2023-02-08 01:00:00,TXN_00914,STD_095,1674.7109031685757,Bank Transfer,Tuition Fee
2023-01-30 18:00:00,TXN_00715,STD_056,1409.1576690394704,Cash,Tuition Fee
2023-01-31 16:00:00,TXN_00737,STD_007,1342.963352597709,Bank Transfer,Bus Fee
2023-01-09 02:00:00,TXN_00195,STD_201,1417.1665433578544,Bank Transfer,Tuition Fee
2023-02-06 02:00:00,TXN_00867,STD_014,1521.1329370366807,Credit Card,Tuition Fee
2023-02-06 12:00:00,TXN_00877,STD_104,1495.8727642424046,Bank Transfer,Tuition Fee
2023-01-21 23:00:00,TXN_00504,STD_007,1584.586368007854,Bank Transfer,Tuition Fee
2023-02-11 00:00:00,TXN_00985,STD_177,1678.1079077347126,Credit Card,Tuition Fee
2023-02-05 02:00:00,TXN_00843,STD_137,1604.4581171185073,Bank Transfer,Tuition Fee
2023-01-25 03:00:00,TXN_00580,STD_192,1347.78649039607,Bank Transfer,Tuition Fee
2023-02-10 23:00:00,TXN_00984,STD_084,1647.8594993519794,Credit Card,Tuition Fee
2023-01-07 18:00:00,TXN_00163,STD_295,1736.935821859607,Bank Transfer,Bus Fee
2023-01-30 16:00:00,TXN_00713,STD_214,1399.6390892010124,Credit Card,Bus Fee
2023-01-07 08:00:00,TXN_00153,STD_234,1540.0575398803887,Credit Card,Tuition Fee
2023-02-08 17:00:00,TXN_00930,STD_141,1635.5902261629294,Bank Transfer,Tuition Fee
2023-01-30 20:00:00,TXN_00717,STD_048,1601.6888807008904,Bank Transfer,Tuition Fee
2023-02-05 03:00:00,TXN_00844,STD_076,1643.2957812855766,Credit Card,Tuition Fee
2023-01-05 15:00:00,TXN_00112,STD_063,1264.4662920164315,Bank Transfer,Bus Fee
2023-01-10 10:00:00,TXN_00227,STD_152,1623.0723271796046,Credit Card,Bus Fee
2023-02-01 15:00:00,TXN_00760,STD_068,1374.118549899149,Bank Transfer,Tuition Fee
2023-01-05 07:00:00,TXN_00104,STD_005,1765.6200953453265,Credit Card,Tuition Fee
2023-01-18 13:00:00,TXN_00422,STD_168,1564.5062470786604,Credit Card,Bus Fee
2023-01-18 11:00:00,TXN_00420,STD_268,1811.5121975341262,Bank Transfer,Tuition Fee
2023-02-01 17:00:00,TXN_00762,STD_233,1205.0465115935997,Bank Transfer,Tuition Fee
2023-01-25 10:00:00,TXN_00587,STD_035,1549.6320348321685,Credit Card,Tuition Fee
2023-02-07 10:00:00,TXN_00899,STD_123,1136.3639609590587,Bank Transfer,Tuition Fee
2023-01-29 00:00:00,TXN_00673,STD_053,1407.989600468859,Credit Card,Tuition Fee
2023-01-05 23:00:00,TXN_00120,STD_143,1591.5878617925734,Credit Card,Tuition Fee
2023-01-03 05:00:00,TXN_00054,STD_218,1522.5452642192815,Bank Transfer,Tuition Fee
2023-01-07 07:00:00,TXN_00152,STD_225,1277.1659440444541,Bank Transfer,Bus Fee
2023-01-17 19:00:00,TXN_00404,STD_250,1674.1240181067778,Bank Transfer,Tuition Fee
2023-02-09 22:00:00,TXN_00959,STD_291,1637.8843401862805,Credit Card,Library Fine
2023-01-09 15:00:00,TXN_00208,STD_151,1380.255413319232,Bank Transfer,Tuition Fee
2023-01-28 10:00:00,TXN_00659,STD_166,1489.4251832911364,Credit Card,Tuition Fee
2023-02-05 15:00:00,TXN_00856,STD_005,1778.1138849501283,Credit Card,Tuition Fee
2023-02-02 05:00:00,TXN_00774,STD_101,1741.101836402999,Credit Card,Tuition Fee
2023-01-01 08:00:00,TXN_00009,STD_215,1448.5968608879477,Bank Transfer,Bus Fee
2023-02-04 03:00:00,TXN_00820,STD_142,1440.0545721578096,Bank Transfer,Tuition Fee
2023-01-02 12:00:00,TXN_00037,STD_274,1421.591546922144,Credit Card,Tuition Fee
2023-01-19 20:00:00,TXN_00453,STD_190,1860.5123377857412,Credit Card,Tuition Fee
2023-01-28 03:00:00,TXN_00652,STD_192,1303.2245651474761,Bank Transfer,Tuition Fee
2023-01-11 13:00:00,TXN_00254,STD_238,1527.9913684734538,Bank Transfer,Tuition Fee
2023-01-13 15:00:00,TXN_00304,STD_273,1770.1410649366223,Cash,Tuition Fee
2023-02-01 13:00:00,TXN_00758,STD_212,1660.8761005964702,Bank Transfer,Tuition Fee
2023-01-24 19:00:00,TXN_00572,STD_090,1745.86752081661,Bank Transfer,Tuition Fee
2023-01-26 23:00:00,TXN_00624,STD_078,1576.1986990368816,Bank Transfer,Bus Fee
2023-01-31 00:00:00,TXN_00721,STD_257,1611.3143058013961,Bank Transfer,Tuition Fee
2023-01-31 10:00:00,TXN_00731,STD_028,1445.2017673031837,Bank Transfer,Tuition Fee
2023-01-11 22:00:00,TXN_00263,STD_277,1416.1617229092617,Credit Card,Tuition Fee
2023-01-26 10:00:00,TXN_00611,STD_105,1681.9646549968775,Credit Card,Tuition Fee
2023-01-13 09:00:00,TXN_00298,STD_280,1699.3728795198647,Bank Transfer,Tuition Fee
2023-01-18 06:00:00,TXN_00415,STD_178,1725.1139685951466,Bank Transfer,Tuition Fee
2023-01-07 06:00:00,TXN_00151,STD_165,1654.7766809202953,Bank Transfer,Tuition Fee
2023-02-03 07:00:00,TXN_00800,STD_004,1372.421931868605,Bank Transfer,Tuition Fee
2023-01-27 16:00:00,TXN_00641,STD_054,1580.4764765355606,Cash,Tuition Fee
2023-02-07 13:00:00,TXN_00902,STD_159,1457.800866432268,Bank Transfer,Tuition Fee
2023-01-23 22:00:00,TXN_00551,STD_252,1455.7575482561958,Credit Card,Bus Fee
2023-02-03 10:00:00,TXN_00803,STD_094,1750.485675652711,Credit Card,Tuition Fee
2023-01-21 08:00:00,TXN_00489,STD_186,1404.1557378465748,Cash,Bus Fee
2023-01-30 14:00:00,TXN_00711,STD_047,1720.6755491240413,Bank Transfer,Tuition Fee
2023-01-07 03:00:00,TXN_00148,STD_259,1434.0403412588737,Bank Transfer,Tuition Fee
2023-01-07 02:00:00,TXN_00147,STD_233,1471.9692533757961,Bank Transfer,Library Fine
2023-01-31 11:00:00,TXN_00732,STD_078,1527.7020458797363,Bank Transfer,Tuition Fee
2023-02-09 08:00:00,TXN_00945,STD_297,1548.4618909674043,Bank Transfer,Tuition Fee
2023-02-01 06:00:00,TXN_00751,STD_273,1403.4722654429786,Bank Transfer,Tuition Fee
2023-01-28 11:00:00,TXN_00660,STD_030,1572.9752465739302,Bank Transfer,Tuition Fee
2023-01-15 12:00:00,TXN_00349,STD_158,1811.28913089379,Bank Transfer,Bus Fee
2023-01-20 07:00:00,TXN_00464,STD_084,1386.8586224970963,Bank Transfer,Tuition Fee
2023-01-14 13:00:00,TXN_00326,STD_063,1504.0328758491796,Credit Card,Tuition Fee
2023-01-08 18:00:00,TXN_00187,STD_255,1406.5289210362853,Bank Transfer,Bus Fee
2023-01-06 03:00:00,TXN_00124,STD_013,1568.8770118842656,Bank Transfer,Tuition Fee
2023-02-06 01:00:00,TXN_00866,STD_104,1332.0573850066482,Bank Transfer,Tuition Fee
2023-01-26 08:00:00,TXN_00609,STD_177,1336.1530852991132,Bank Transfer,Tuition Fee
2023-01-06 23:00:00,TXN_00144,STD_283,1428.1877067504784,Bank Transfer,Bus Fee
2023-02-10 13:00:00,TXN_00974,STD_180,1563.539859839019,Bank Transfer,Tuition Fee
2023-01-09 05:00:00,TXN_00198,STD_259,1272.6383827504153,Credit Card,Bus Fee
2023-01-26 09:00:00,TXN_00610,STD_098,1452.5387325457798,Credit Card,Tuition Fee
2023-01-12 15:00:00,TXN_00280,STD_037,1485.1236204330926,Cash,Tuition Fee
2023-01-13 05:00:00,TXN_00294,STD_223,1568.5129828730676,Bank Transfer,Tuition Fee
2023-01-17 16:00:00,TXN_00401,STD_290,1445.6338587895302,Bank Transfer,Tuition Fee
2023-01-06 02:00:00,TXN_00123,STD_036,1625.0883231823357,Bank Transfer,Tuition Fee
2023-01-08 15:00:00,TXN_00184,STD_203,1868.2950209866342,Bank Transfer,Bus Fee
2023-01-09 10:00:00,TXN_00203,STD_199,1542.8798086087359,Credit Card,Tuition Fee
2023-01-19 06:00:00,TXN_00439,STD_114,1813.2562057171092,Bank Transfer,Tuition Fee
2023-01-11 06:00:00,TXN_00247,STD_277,1453.8332647570498,Credit Card,Bus Fee
2023-01-18 07:00:00,TXN_00416,STD_163,1627.533261317024,Bank Transfer,Tuition Fee
2023-02-02 19:00:00,TXN_00788,STD_152,1755.3322416952856,Bank Transfer,Tuition Fee
2023-02-09 09:00:00,TXN_00946,STD_214,1462.146974681057,Credit Card,Bus Fee
2023-02-08 06:00:00,TXN_00919,STD_299,1347.6267271532404,Bank Transfer,Tuition Fee
2023-02-05 23:00:00,TXN_00864,STD_296,1731.4865292408283,Bank Transfer,Tuition Fee
2023-02-07 11:00:00,TXN_00900,STD_118,1632.6068094541574,Bank Transfer,Tuition Fee
2023-01-06 09:00:00,TXN_00130,STD_066,1308.4877136269536,Bank Transfer,Tuition Fee
2023-01-27 13:00:00,TXN_00638,STD_118,1648.8063524304785,Bank Transfer,Tuition Fee
2023-01-17 18:00:00,TXN_00403,STD_223,1305.7977786418642,Bank Transfer,Bus Fee
2023-02-03 17:00:00,TXN_00810,STD_118,1502.2032292093795,Credit Card,Tuition Fee
2023-02-02 13:00:00,TXN_00782,STD_277,1402.2964659312256,Bank Transfer,Tuition Fee
2023-01-31 15:00:00,TXN_00736,STD_187,1401.4658581542906,Bank Transfer,Tuition Fee
2023-02-08 13:00:00,TXN_00926,STD_134,1512.9215824569562,Bank Transfer,Tuition Fee
2023-01-10 03:00:00,TXN_00220,STD_160,1656.6241315603609,Bank Transfer,Tuition Fee
2023-01-27 17:00:00,TXN_00642,STD_236,1365.2298027313445,Cash,Library Fine
2023-02-08 15:00:00,TXN_00928,STD_023,1061.797427475809,Credit Card,Tuition Fee
2023-02-07 08:00:00,TXN_00897,STD_010,1496.7949058477345,Credit Card,Tuition Fee
2023-02-09 20:00:00,TXN_00957,STD_117,1516.9905615806647,Bank Transfer,Tuition Fee
2023-02-08 20:00:00,TXN_00933,STD_111,1592.8731391507797,Credit Card,Tuition Fee
2023-01-27 00:00:00,TXN_00625,STD_001,1334.495009073919,Credit Card,Tuition Fee
2023-02-05 10:00:00,TXN_00851,STD_270,1487.5978971235952,Bank Transfer,Tuition Fee
2023-02-08 11:00:00,TXN_00924,STD_254,1444.9458241375016,Credit Card,Tuition Fee
2023-01-17 02:00:00,TXN_00387,STD_094,1406.1655947735705,Credit Card,Tuition Fee
2023-02-11 03:00:00,TXN_00988,STD_063,1548.869447487325,Credit Card,Tuition Fee
2023-01-22 05:00:00,TXN_00510,STD_122,1490.6110308150717,Credit Card,Tuition Fee
2023-01-12 03:00:00,TXN_00268,STD_004,1782.1735604160885,Cash,Tuition Fee
2023-02-10 00:00:00,TXN_00961,STD_244,1780.994666432632,Bank Transfer,Bus Fee
2023-01-19 09:00:00,TXN_00442,STD_277,1344.0141109311703,Credit Card,Tuition Fee
2023-01-21 16:00:00,TXN_00497,STD_146,1125.089142768964,Bank Transfer,Bus Fee
2023-01-05 16:00:00,TXN_00113,STD_231,1390.9294236262697,Credit Card,Tuition Fee
2023-01-29 19:00:00,TXN_00692,STD_061,1111.3436561782635,Bank Transfer,Tuition Fee
2023-01-10 16:00:00,TXN_00233,STD_113,1474.9322879524718,Credit Card,Tuition Fee
2023-02-06 17:00:00,TXN_00882,STD_067,1570.3161384112536,Credit Card,Tuition Fee
2023-01-26 07:00:00,TXN_00608,STD_283,1591.3707181360764,Bank Transfer,Tuition Fee
2023-01-28 23:00:00,TXN_00672,STD_262,1449.437104332294,Bank Transfer,Tuition Fee
2023-01-16 13:00:00,TXN_00374,STD_192,1280.343767968527,Bank Transfer,Tuition Fee
2023-02-11 12:00:00,TXN_00997,STD_158,1697.5672601009799,Bank Transfer,Bus Fee
2023-02-05 14:00:00,TXN_00855,STD_165,1346.3719763506192,Bank Transfer,Bus Fee
2023-01-10 17:00:00,TXN_00234,STD_104,1522.0070529649984,Credit Card,Tuition Fee
2023-02-03 04:00:00,TXN_00797,STD_006,1479.231602402434,Credit Card,Tuition Fee
2023-01-29 04:00:00,TXN_00677,STD_043,1524.0860971574798,Bank Transfer,Tuition Fee
2023-01-14 05:00:00,TXN_00318,STD_142,1563.8186342677448,Bank Transfer,Bus Fee
2023-01-28 00:00:00,TXN_00649,STD_066,1708.531132352597,Bank Transfer,Tuition Fee
2023-01-18 02:00:00,TXN_00411,STD_247,1649.440022917071,Bank Transfer,Tuition Fee
2023-02-07 22:00:00,TXN_00911,STD_047,1569.964497365029,Bank Transfer,Bus Fee
2023-01-30 13:00:00,TXN_00710,STD_249,1257.9657903184889,Bank Transfer,Tuition Fee
2023-01-15 22:00:00,TXN_00359,STD_127,1496.3468111608527,Credit Card,Library Fine
2023-01-11 18:00:00,TXN_00259,STD_264,1519.9454511220315,Bank Transfer,Bus Fee
2023-02-01 00:00:00,TXN_00745,STD_015,1451.5980241736797,Credit Card,Tuition Fee
2023-01-27 03:00:00,TXN_00628,STD_205,1873.9499276149186,Bank Transfer,Bus Fee
2023-01-27 08:00:00,TXN_00633,STD_072,1637.8614724481654,Bank Transfer,Tuition Fee
2023-01-12 18:00:00,TXN_00283,STD_095,1271.1712243612892,Credit Card,Tuition Fee
2023-01-16 16:00:00,TXN_00377,STD_247,1752.5891537186803,Credit Card,Tuition Fee
2023-01-17 00:00:00,TXN_00385,STD_069,1721.4810524588843,Bank Transfer,Tuition Fee
2023-01-10 08:00:00,TXN_00225,STD_208,1588.5982246038463,Credit Card,Tuition Fee
2023-02-10 08:00:00,TXN_00969,STD_251,1403.4675251523806,Credit Card,Bus Fee
2023-02-04 10:00:00,TXN_00827,STD_010,1417.221278116133,Bank Transfer,Tuition Fee
2023-01-20 16:00:00,TXN_00473,STD_284,1678.4205733386962,Credit Card,Tuition Fee
2023-01-15 11:00:00,TXN_00348,STD_106,1529.63994070386,Bank Transfer,Tuition Fee
2023-01-22 01:00:00,TXN_00506,STD_141,1628.012333817046,Bank Transfer,Tuition Fee
2023-01-27 15:00:00,TXN_00640,STD_268,1386.6382260760734,Bank Transfer,Tuition Fee
2023-02-21 00:00:00,TXN_99002,STD_942,5.0,Credit Card,Bus Fee
2023-02-03 05:00:00,TXN_00798,STD_220,1316.355264556595,Bank Transfer,Tuition Fee
2023-02-09 05:00:00,TXN_00942,STD_051,1357.0007087611932,Bank Transfer,Tuition Fee
2023-02-08 05:00:00,TXN_00918,STD_282,1672.2956024143073,Bank Transfer,Tuition Fee
2023-01-26 19:00:00,TXN_00620,STD_202,1643.5053475191876,Bank Transfer,Tuition Fee
2023-02-06 03:00:00,TXN_00868,STD_288,1234.7340951655722,Bank Transfer,Tuition Fee
2023-02-08 00:00:00,TXN_00913,STD_130,1257.7302276141736,Bank Transfer,Tuition Fee
2023-01-27 21:00:00,TXN_00646,STD_255,1571.204734931993,Bank Transfer,Bus Fee
2023-02-05 18:00:00,TXN_00859,STD_132,1466.027385172525,Credit Card,Tuition Fee
2023-01-24 04:00:00,TXN_00557,STD_047,1321.8602371455731,Credit Card,Bus Fee
2023-02-10 12:00:00,TXN_00973,STD_025,1356.7316130975971,Bank Transfer,Tuition Fee
2023-01-25 01:00:00,TXN_00578,STD_041,1469.4629459846458,Bank Transfer,Bus Fee
2023-02-03 03:00:00,TXN_00796,STD_223,1600.9772026904939,Credit Card,Tuition Fee
2023-01-04 13:00:00,TXN_00086,STD_041,1289.0008354727665,Credit Card,Tuition Fee
2023-01-11 02:00:00,TXN_00243,STD_169,1296.0215788530122,Bank Transfer,Tuition Fee
2023-01-30 02:00:00,TXN_00699,STD_022,1517.937055262123,Credit Card,Library Fine
2023-01-07 15:00:00,TXN_00160,STD_113,1445.5742159340512,Credit Card,Tuition Fee
2023-01-22 20:00:00,TXN_00525,STD_091,1582.5078148536827,Credit Card,Bus Fee
2023-01-02 11:00:00,TXN_00036,STD_167,1472.2646795335515,Bank Transfer,Tuition Fee
2023-01-23 12:00:00,TXN_00541,STD_134,1507.3290105488556,Bank Transfer,Tuition Fee
2023-01-08 02:00:00,TXN_00171,STD_130,1494.7972668919829,Bank Transfer,Bus Fee
2023-01-28 06:00:00,TXN_00655,STD_294,1408.5731696761075,Credit Card,Bus Fee
2023-02-07 14:00:00,TXN_00903,STD_228,1510.0486075837307,Bank Transfer,Bus Fee
2023-02-06 05:00:00,TXN_00870,STD_125,1477.8596120551997,Bank Transfer,Bus Fee
2023-02-05 19:00:00,TXN_00860,STD_089,1356.084114491478,Bank Transfer,Tuition Fee
2023-02-10 05:00:00,TXN_00966,STD_210,1627.916051268333,Bank Transfer,Tuition Fee
2023-01-31 13:00:00,TXN_00734,STD_154,1354.2578942234022,Credit Card,Bus Fee
2023-01-04 23:00:00,TXN_00096,STD_099,1605.0464819113488,Cash,Tuition Fee
2023-01-24 11:00:00,TXN_00564,STD_144,1477.9496997557267,Bank Transfer,Bus Fee
2023-01-11 00:00:00,TXN_00241,STD_163,1528.6648602029854,Credit Card,Tuition Fee
2023-01-31 22:00:00,TXN_00743,STD_294,1286.7283999887234,Bank Transfer,Bus Fee
2023-01-24 22:00:00,TXN_00575,STD_178,1585.3474618777914,Credit Card,Bus Fee
2023-01-29 18:00:00,TXN_00691,STD_160,1413.523439890992,Credit Card,Bus Fee
2023-01-20 04:00:00,TXN_00461,STD_286,1745.0147298451643,Credit Card,Bus Fee
2023-01-24 01:00:00,TXN_00554,STD_227,1541.8491243335702,Cash,Tuition Fee
2023-02-07 02:00:00,TXN_00891,STD_038,1466.028166214771,Bank Transfer,Tuition Fee
2023-01-09 14:00:00,TXN_00207,STD_267,1473.4579158758927,Credit Card,Tuition Fee
2023-01-17 08:00:00,TXN_00393,STD_289,1496.1668893512833,Credit Card,Tuition Fee
2023-02-03 02:00:00,TXN_00795,STD_036,1693.4629131124118,Bank Transfer,Tuition Fee
2023-01-17 13:00:00,TXN_00398,STD_010,1072.7186069054887,Bank Transfer,Tuition Fee
2023-02-01 22:00:00,TXN_00767,STD_111,1546.1110046713652,Bank Transfer,Library Fine
2023-06-01 00:00:00,TXN_99012,STD_931,8.0,Cash,Bus Fee
2023-01-10 01:00:00,TXN_00218,STD_140,1420.3696840619518,Bank Transfer,Tuition Fee
2023-01-01 04:00:00,TXN_00005,STD_189,1102.3545287410482,Credit Card,Bus Fee
2023-02-02 00:00:00,TXN_00769,STD_111,1629.0710232539618,Credit Card,Bus Fee
2023-01-27 18:00:00,TXN_00643,STD_222,1504.2271736053692,Credit Card,Tuition Fee
2023-02-07 21:00:00,TXN_00910,STD_157,1296.5127293064893,Bank Transfer,Tuition Fee
2023-01-26 12:00:00,TXN_00613,STD_006,1847.899430997254,Bank Transfer,Tuition Fee
2023-01-31 18:00:00,TXN_00739,STD_111,1677.8556231994496,Bank Transfer,Bus Fee
2023-01-23 18:00:00,TXN_00547,STD_149,1313.4205146913073,Cash,Tuition Fee
2023-01-31 05:00:00,TXN_00726,STD_207,1386.9873194480724,Bank Transfer,Bus Fee
2023-01-29 11:00:00,TXN_00684,STD_008,1640.147986685891,Credit Card,Bus Fee
2023-01-05 02:00:00,TXN_00099,STD_035,1884.0126807403192,Bank Transfer,Tuition Fee
2023-02-03 12:00:00,TXN_00805,STD_194,1320.6175406947223,Credit Card,Library Fine
2023-01-31 07:00:00,TXN_00728,STD_056,1398.3426945371841,Bank Transfer,Tuition Fee
2023-01-24 21:00:00,TXN_00574,STD_186,1416.961763743801,Credit Card,Bus Fee
2023-01-17 22:00:00,TXN_00407,STD_257,1492.9619131681225,Bank Transfer,Tuition Fee
2023-01-21 22:00:00,TXN_00503,STD_230,1707.6409227765778,Bank Transfer,Bus Fee
2023-01-02 23:00:00,TXN_00048,STD_050,1485.493033219441,Bank Transfer,Tuition Fee
2023-01-02 08:00:00,TXN_00033,STD_131,1548.9199533363178,Bank Transfer,Tuition Fee
2023-02-02 11:00:00,TXN_00780,STD_289,1305.475207806623,Cash,Tuition Fee
2023-02-04 23:00:00,TXN_00840,STD_095,1499.4938313883572,Bank Transfer,Tuition Fee
2023-01-09 08:00:00,TXN_00201,STD_147,1408.081696427342,Bank Transfer,Tuition Fee
2023-01-06 14:00:00,TXN_00135,STD_284,1504.2477564195692,Bank Transfer,Bus Fee
2023-01-02 03:00:00,TXN_00028,STD_190,1673.8994705046373,Credit Card,Tuition Fee
2023-02-07 04:00:00,TXN_00893,STD_289,1637.0376939349874,Bank Transfer,Bus Fee
2023-01-10 14:00:00,TXN_00231,STD_116,1707.323848655629,Bank Transfer,Tuition Fee
2023-01-21 09:00:00,TXN_00490,STD_223,1301.5365309888753,Credit Card,Tuition Fee
2023-02-02 04:00:00,TXN_00773,STD_042,1462.696331072468,Bank Transfer,Bus Fee
2023-01-16 18:00:00,TXN_00379,STD_154,1661.8021250146944,Bank Transfer,Library Fine
2023-01-13 00:00:00,TXN_00289,STD_161,1312.2690863714333,Bank Transfer,Tuition Fee
2023-01-18 10:00:00,TXN_00419,STD_101,1451.7547423173926,Bank Transfer,Tuition Fee
2023-01-29 02:00:00,TXN_00675,STD_126,1441.7734772188157,Credit Card,Bus Fee
2023-01-17 07:00:00,TXN_00392,STD_100,1399.2564948092922,Credit Card,Tuition Fee
2023-01-25 16:00:00,TXN_00593,STD_286,1750.8858580256556,Bank Transfer,Bus Fee
2023-01-21 18:00:00,TXN_00499,STD_076,1291.5641299854606,Cash,Tuition Fee
2023-01-06 18:00:00,TXN_00139,STD_286,1514.4181165411476,Cash,Tuition Fee
2023-01-03 14:00:00,TXN_00063,STD_296,1502.765089959809,Credit Card,Tuition Fee
2023-01-20 15:00:00,TXN_00472,STD_265,1644.6130752432537,Bank Transfer,Tuition Fee
2023-01-27 23:00:00,TXN_00648,STD_229,1622.664944880043,Bank Transfer,Tuition Fee
2023-01-06 08:00:00,TXN_00129,STD_284,1540.736825579306,Credit Card,Bus Fee
2023-02-11 07:00:00,TXN_00992,STD_224,1455.6897884791456,Bank Transfer,Tuition Fee
2023-01-22 16:00:00,TXN_00521,STD_252,1351.5557795144493,Credit Card,Tuition Fee
2023-02-04 22:00:00,TXN_00839,STD_094,1377.270167486654,Bank Transfer,Tuition Fee
2023-02-10 17:00:00,TXN_00978,STD_285,1711.8330833123143,Credit Card,Tuition Fee
2023-01-03 16:00:00,TXN_00065,STD_208,1419.0360479535957,Bank Transfer,Tuition Fee
2023-02-03 20:00:00,TXN_00813,STD_225,1481.8577777088328,Bank Transfer,Tuition Fee
2023-01-01 14:00:00,TXN_00015,STD_258,1640.3517589721191,Bank Transfer,Tuition Fee
2023-01-07 12:00:00,TXN_00157,STD_096,1422.406732484944,Credit Card,Tuition Fee
2023-01-02 16:00:00,TXN_00041,STD_265,1266.5056239714145,Credit Card,Bus Fee
2023-01-21 12:00:00,TXN_00493,STD_163,1396.7774482233415,Bank Transfer,Tuition Fee
2023-01-16 19:00:00,TXN_00380,STD_144,1494.223729574894,Cash,Bus Fee
2023-01-08 19:00:00,TXN_00188,STD_294,1416.6784321259618,Bank Transfer,Bus Fee
2023-02-01 19:00:00,TXN_00764,STD_146,1334.5187451417476,Bank Transfer,Tuition Fee
2023-01-10 00:00:00,TXN_00217,STD_254,1879.0398638810432,Bank Transfer,Bus Fee
2023-02-02 23:00:00,TXN_00792,STD_031,1235.8855861266275,Bank Transfer,Tuition Fee
2023-01-03 04:00:00,TXN_00053,STD_191,1517.134147299306,Cash,Tuition Fee
2023-02-06 14:00:00,TXN_00879,STD_039,1749.1888821821806,Credit Card,Tuition Fee
2023-01-15 01:00:00,TXN_00338,STD_060,1638.6950524369154,Cash,Tuition Fee
2023-02-01 04:00:00,TXN_00749,STD_202,1568.3831658122413,Bank Transfer,Tuition Fee
2023-01-30 23:00:00,TXN_00720,STD_292,1409.1427615494993,Credit Card,Tuition Fee
2023-01-31 04:00:00,TXN_00725,STD_180,1504.800622359865,Credit Card,Tuition Fee
2023-01-13 07:00:00,TXN_00296,STD_058,1567.1562840025972,Credit Card,Library Fine
2023-01-30 05:00:00,TXN_00702,STD_233,1476.2205640459545,Bank Transfer,Tuition Fee
2023-01-11 11:00:00,TXN_00252,STD_176,1541.8532288655508,Credit Card,Tuition Fee
2023-01-31 06:00:00,TXN_00727,STD_127,1568.9958214408675,Credit Card,Tuition Fee
2023-01-20 05:00:00,TXN_00462,STD_273,1328.0481910471967,Bank Transfer,Library Fine
2023-01-19 23:00:00,TXN_00456,STD_268,1657.5981594011419,Bank Transfer,Tuition Fee
2023-05-22 00:00:00,TXN_99011,STD_986,-7000.0,Credit Card,Refund
2023-02-03 23:00:00,TXN_00816,STD_140,1434.3812549514885,Cash,Tuition Fee
2023-02-05 22:00:00,TXN_00863,STD_089,1782.6879458901913,Bank Transfer,Tuition Fee
2023-01-12 05:00:00,TXN_00270,STD_192,1170.1791065069876,Bank Transfer,Tuition Fee
2023-01-09 09:00:00,TXN_00202,STD_148,1441.8447660096024,Bank Transfer,Tuition Fee
2023-01-07 17:00:00,TXN_00162,STD_268,1718.007671567655,Bank Transfer,Tuition Fee
2023-01-24 03:00:00,TXN_00556,STD_020,1821.7723691660083,Bank Transfer,Bus Fee
2023-01-31 09:00:00,TXN_00730,STD_014,1520.4802996624105,Bank Transfer,Bus Fee
2023-01-17 17:00:00,TXN_00402,STD_180,1332.0495158060785,Bank Transfer,Tuition Fee
2023-01-30 06:00:00,TXN_00703,STD_012,1495.9043190735101,Credit Card,Tuition Fee
2023-01-20 20:00:00,TXN_00477,STD_144,1455.3654744960013,Bank Transfer,Tuition Fee
2023-02-04 05:00:00,TXN_00822,STD_293,1639.8886247809635,Bank Transfer,Tuition Fee
2023-02-02 03:00:00,TXN_00772,STD_083,1542.386992573245,Bank Transfer,Bus Fee
2023-01-05 09:00:00,TXN_00106,STD_255,1771.8672836995393,Credit Card,Tuition Fee
2023-01-24 13:00:00,TXN_00566,STD_224,1831.5784502387028,Bank Transfer,Tuition Fee
2023-01-17 05:00:00,TXN_00390,STD_218,1539.101064873586,Bank Transfer,Tuition Fee
2023-01-01 01:00:00,TXN_00002,STD_271,1515.9645341537846,Credit Card,Tuition Fee
2023-02-09 14:00:00,TXN_00951,STD_182,1472.9280129614062,Bank Transfer,Tuition Fee
2023-02-11 13:00:00,TXN_00998,STD_285,1482.2897209513383,Bank Transfer,Tuition Fee
2023-01-24 09:00:00,TXN_00562,STD_054,1480.5268950399861,Bank Transfer,Library Fine
2023-02-08 19:00:00,TXN_00932,STD_210,1348.5403942935093,Credit Card,Tuition Fee
2023-01-04 08:00:00,TXN_00081,STD_081,1577.6488530703684,Bank Transfer,Tuition Fee
2023-01-09 13:00:00,TXN_00206,STD_129,1801.5306808149526,Credit Card,Tuition Fee
2023-01-02 10:00:00,TXN_00035,STD_021,1638.6040528810352,Bank Transfer,Tuition Fee
2023-02-02 07:00:00,TXN_00776,STD_180,1610.2316679074727,Bank Transfer,Tuition Fee
2023-01-22 04:00:00,TXN_00509,STD_283,1515.6301655927814,Credit Card,Tuition Fee
2023-01-18 19:00:00,TXN_00428,STD_253,1494.4166645235237,Credit Card,Tuition Fee
2023-01-19 22:00:00,TXN_00455,STD_037,1530.164857007245,Credit Card,Tuition Fee
2023-01-16 06:00:00,TXN_00367,STD_126,1461.3935193864982,Credit Card,Bus Fee
2023-01-04 19:00:00,TXN_00092,STD_048,1894.8573097256085,Bank Transfer,Tuition Fee
2023-01-15 03:00:00,TXN_00340,STD_005,1402.9594833441638,Credit Card,Tuition Fee
2023-02-07 09:00:00,TXN_00898,STD_005,1387.9182481278265,Credit Card,Tuition Fee
2023-01-24 12:00:00,TXN_00565,STD_012,1644.5818675192365,Bank Transfer,Bus Fee
2023-01-15 09:00:00,TXN_00346,STD_269,1419.7147182659148,Bank Transfer,Bus Fee
2023-02-02 08:00:00,TXN_00777,STD_282,1599.4321903001119,Bank Transfer,Library Fine
2023-01-11 01:00:00,TXN_00242,STD_208,1506.9654822234222,Credit Card,Tuition Fee
2023-01-01 13:00:00,TXN_00014,STD_150,1762.8405665135433,Credit Card,Tuition Fee
2023-01-14 03:00:00,TXN_00316,STD_020,1614.0621984216446,Bank Transfer,Tuition Fee
2023-01-26 00:00:00,TXN_00601,STD_224,1525.4041236054118,Credit Card,Tuition Fee
2023-01-17 03:00:00,TXN_00388,STD_238,1559.3705300156114,Credit Card,Tuition Fee
2023-01-12 09:00:00,TXN_00274,STD_220,1606.253467094903,Bank Transfer,Tuition Fee
2023-01-07 22:00:00,TXN_00167,STD_081,1298.3324233448584,Cash,Tuition Fee
2023-02-05 00:00:00,TXN_00841,STD_069,1474.4723066212607,Credit Card,Tuition Fee
2023-04-12 00:00:00,TXN_99007,STD_991,2.0,Credit Card,Library Fine
2023-01-27 22:00:00,TXN_00647,STD_207,1496.2459561882283,Bank Transfer,Tuition Fee
2023-02-04 02:00:00,TXN_00819,STD_090,1759.0445776850108,Credit Card,Tuition Fee
2023-01-21 04:00:00,TXN_00485,STD_039,1739.1757594837459,Bank Transfer,Tuition Fee
2023-02-11 11:00:00,TXN_00996,STD_032,1670.9817841693568,Bank Transfer,Bus Fee
2023-01-22 00:00:00,TXN_00505,STD_174,1589.2131512497929,Bank Transfer,Bus Fee
2023-02-04 15:00:00,TXN_00832,STD_168,1800.9139332238683,Cash,Tuition Fee
2023-01-11 03:00:00,TXN_00244,STD_161,1611.938034904083,Bank Transfer,Bus Fee
2023-01-24 14:00:00,TXN_00567,STD_272,1416.3762322488249,Bank Transfer,Library Fine
2023-02-06 11:00:00,TXN_00876,STD_225,1069.1606680077525,Bank Transfer,Bus Fee
2023-01-24 10:00:00,TXN_00563,STD_259,1506.5717207968664,Credit Card,Tuition Fee
2023-02-10 07:00:00,TXN_00968,STD_128,1373.0465017513689,Credit Card,Tuition Fee
2023-01-29 14:00:00,TXN_00687,STD_195,1324.4830460910962,Bank Transfer,Tuition Fee
2023-02-09 21:00:00,TXN_00958,STD_154,1284.258303252395,Bank Transfer,Tuition Fee
2023-01-08 21:00:00,TXN_00190,STD_098,1678.3524796661327,Bank Transfer,Bus Fee
2023-02-02 14:00:00,TXN_00783,STD_198,1420.7074977375364,Bank Transfer,Bus Fee
2023-01-30 03:00:00,TXN_00700,STD_001,1354.0396588677668,Bank Transfer,Tuition Fee
2023-01-20 19:00:00,TXN_00476,STD_052,1605.1759113466348,Credit Card,Bus Fee
2023-01-29 09:00:00,TXN_00682,STD_183,1277.2653047325146,Bank Transfer,Tuition Fee
2023-01-22 06:00:00,TXN_00511,STD_194,1386.9053116699986,Bank Transfer,Tuition Fee
2023-01-03 10:00:00,TXN_00059,STD_271,1297.772186684143,Bank Transfer,Bus Fee
2023-01-20 18:00:00,TXN_00475,STD_223,1589.6100104774787,Bank Transfer,Tuition Fee
2023-01-24 08:00:00,TXN_00561,STD_001,1472.2068511683437,Bank Transfer,Tuition Fee
2023-02-05 16:00:00,TXN_00857,STD_078,1683.1550543288029,Bank Transfer,Tuition Fee
2023-02-01 03:00:00,TXN_00748,STD_028,1583.434501410099,Credit Card,Bus Fee
2023-01-11 12:00:00,TXN_00253,STD_022,1591.184476457481,Bank Transfer,Tuition Fee
2023-01-01 21:00:00,TXN_00022,STD_236,1606.9497645258582,Bank Transfer,Tuition Fee
2023-01-14 01:00:00,TXN_00314,STD_036,1136.4181010056566,Credit Card,Tuition Fee
2023-01-20 03:00:00,TXN_00460,STD_217,1328.5492630904275,Bank Transfer,Tuition Fee
2023-01-07 16:00:00,TXN_00161,STD_052,1433.1746217898842,Bank Transfer,Tuition Fee
2023-01-12 12:00:00,TXN_00277,STD_006,1307.9543401993658,Bank Transfer,Bus Fee
2023-02-09 19:00:00,TXN_00956,STD_202,1672.2668563795132,Bank Transfer,Tuition Fee
2023-01-08 23:00:00,TXN_00192,STD_240,1414.3880559375787,Bank Transfer,Tuition Fee
2023-01-17 01:00:00,TXN_00386,STD_047,1707.0137031221177,Bank Transfer,Tuition Fee
2023-02-03 13:00:00,TXN_00806,STD_203,1566.6904002330211,Bank Transfer,Tuition Fee
2023-01-18 05:00:00,TXN_00414,STD_152,1435.782725855113,Credit Card,Bus Fee
2023-01-21 11:00:00,TXN_00492,STD_133,1651.472563401395,Credit Card,Tuition Fee
2023-01-15 07:00:00,TXN_00344,STD_047,1595.2757702522954,Bank Transfer,Tuition Fee
2023-02-02 01:00:00,TXN_00770,STD_264,1412.5383842146593,Credit Card,Tuition Fee
2023-01-13 20:00:00,TXN_00309,STD_039,1626.0965323483085,Bank Transfer,Tuition Fee
2023-01-28 13:00:00,TXN_00662,STD_106,1203.6800150469194,Credit Card,Tuition Fee
2023-01-06 10:00:00,TXN_00131,STD_170,1337.8415189387606,Credit Card,Tuition Fee
2023-01-28 15:00:00,TXN_00664,STD_081,1478.3868666417577,Credit Card,Tuition Fee
2023-02-06 07:00:00,TXN_00872,STD_063,1260.7945399099806,Credit Card,Tuition Fee
2023-01-05 03:00:00,TXN_00100,STD_227,1485.5910150413026,Credit Card,Tuition Fee
2023-01-16 12:00:00,TXN_00373,STD_189,1316.1351505496489,Credit Card,Tuition Fee
2023-01-04 15:00:00,TXN_00088,STD_135,1297.24730915755,Bank Transfer,Tuition Fee
2023-01-20 02:00:00,TXN_00459,STD_279,1595.8095333043777,Bank Transfer,Bus Fee
2023-01-14 18:00:00,TXN_00331,STD_180,1349.7569985157627,Bank Transfer,Tuition Fee
2023-01-09 22:00:00,TXN_00215,STD_060,1497.536565589087,Bank Transfer,Tuition Fee
2023-01-20 10:00:00,TXN_00467,STD_019,1548.203582317541,Bank Transfer,Tuition Fee
2023-01-06 01:00:00,TXN_00122,STD_029,1662.1171088331932,Bank Transfer,Tuition Fee
2023-01-26 14:00:00,TXN_00615,STD_133,1528.8073674735047,Credit Card,Tuition Fee
2023-01-01 20:00:00,TXN_00021,STD_253,1316.680828666208,Credit Card,Bus Fee
2023-01-30 04:00:00,TXN_00701,STD_133,1679.4857252496736,Bank Transfer,Bus Fee
2023-01-03 23:00:00,TXN_00072,STD_041,1570.8896223619565,Bank Transfer,Bus Fee
2023-01-05 10:00:00,TXN_00107,STD_283,1606.1627903183214,Credit Card,Tuition Fee
2023-01-12 06:00:00,TXN_00271,STD_049,1566.002167508,Bank Transfer,Tuition Fee
2023-02-05 20:00:00,TXN_00861,STD_237,1444.1689835893421,Credit Card,Tuition Fee
2023-01-19 03:00:00,TXN_00436,STD_115,1551.9732713846988,Bank Transfer,Bus Fee
2023-01-05 06:00:00,TXN_00103,STD_257,1494.7517264254557,Bank Transfer,Tuition Fee
